09:26:36.7877,0.0000,0.0000,0.0000,0.0000,0.0000,0.0000,1.0000,1.0000,1.0000
09:26:37.7909,1.0000,1.0000,1.0000,0.0000,0.0000,0.0000,1.0000,1.0000,1.0000
09:26:38.7909,1.0000,1.0000,1.0000,0.0000,0.0000,0.0000,1.0000,1.0000,1.0000
09:26:39.7910,1.0000,1.0000,1.0000,0.0000,0.0000,0.0000,1.0000,1.0000,1.0000
09:26:40.7936,1.0000,1.0000,1.0000,0.0000,0.0000,0.0000,1.0000,1.0000,1.0000
09:26:41.7960,1.0000,1.0000,1.0000,0.0000,0.0000,0.0000,1.0000,1.0000,1.0000
09:26:42.7972,1.0000,1.0000,1.0000,0.0000,0.0000,0.0000,1.0000,1.0000,1.0000
09:26:43.7977,1.0000,1.0000,1.0000,0.0000,0.0000,0.0000,1.0000,1.0000,1.0000
09:26:44.7975,1.0000,1.0000,1.0000,0.0000,0.0000,0.0000,1.0000,1.0000,1.0000
09:26:45.7977,1.0000,1.0000,1.0000,0.0000,0.0000,0.0000,1.0000,1.0000,1.0000
09:26:46.7985,1.0000,1.0000,1.0000,0.0000,0.0000,0.0000,1.0000,1.0000,1.0000
09:26:47.7995,0.9920,1.0000,0.9789,0.0000,0.0000,0.0000,1.0000,1.0000,1.0000
09:26:48.7996,0.9926,1.0000,0.9806,0.0000,0.0000,0.0000,1.0000,1.0000,1.0000
09:26:49.8002,0.9864,1.0000,0.9707,0.0000,0.0000,0.0000,1.0000,1.0000,1.0000
09:26:50.8004,0.9810,0.9988,0.9632,0.0000,0.0000,0.0000,1.0000,1.0000,1.0000
09:26:51.8004,0.9819,0.9989,0.9650,0.0000,0.0000,0.0000,1.0000,1.0000,1.0000
09:26:52.8022,0.9829,0.9989,0.9668,0.0000,0.0000,0.0000,1.0000,1.0000,1.0000
09:26:53.8026,0.9474,1.0000,0.8634,0.0000,0.0000,0.0000,1.0000,1.0000,1.0000
09:26:54.8061,0.8636,0.9836,0.7436,0.0000,0.0000,0.0000,1.0000,1.0000,1.0000
09:26:55.8084,0.8696,0.9847,0.7544,0.0000,0.0000,0.0000,1.0000,1.0000,1.0000
09:26:56.8084,0.8696,0.9847,0.7544,0.0000,0.0000,0.0000,1.0000,1.0000,1.0000
09:26:57.8083,0.8750,0.9857,0.7643,0.0000,0.0000,0.0000,1.0000,1.0000,1.0000
09:26:58.8120,0.8800,0.9866,0.7734,0.0000,0.0000,0.0000,1.0000,1.0000,1.0000
09:26:59.8122,0.8889,0.9881,0.7897,0.0000,0.0000,0.0000,1.0000,1.0000,1.0000
09:27:00.8122,0.8667,0.9685,0.7649,0.0000,0.0000,0.0000,1.0000,1.0000,1.0000
09:27:01.8122,0.8667,0.9685,0.7649,0.0000,0.0000,0.0000,1.0000,1.0000,1.0000
09:27:02.8122,0.8710,0.9697,0.7722,0.0000,0.0000,0.0000,1.0000,1.0000,1.0000
09:27:03.8156,0.8438,0.9490,0.7385,0.0000,0.0000,0.0000,1.0000,1.0000,1.0000
09:27:04.8180,0.8485,0.9508,0.7461,0.0000,0.0000,0.0000,1.0000,1.0000,1.0000
09:27:05.8178,0.8333,0.9352,0.7315,0.0000,0.0000,0.0000,1.0000,1.0000,1.0000
09:27:06.8184,0.8333,0.9352,0.7315,0.0000,0.0000,0.0000,1.0000,1.0000,1.0000
09:27:07.8184,0.8462,0.9409,0.7514,0.0000,0.0000,0.0000,1.0000,1.0000,1.0000
09:27:08.8201,0.8462,0.9409,0.7514,0.0000,0.0000,0.0000,1.0000,1.0000,1.0000
09:27:09.8232,0.8140,0.9113,0.7166,0.0000,0.0000,0.0000,1.0000,1.0000,1.0000
09:27:10.8236,0.8222,0.9157,0.7288,0.0000,0.0000,0.0000,1.0000,1.0000,1.0000
09:27:11.8237,0.8222,0.9157,0.7288,0.0000,0.0000,0.0000,1.0000,1.0000,1.0000
09:27:12.8248,0.8222,0.9157,0.7288,0.0000,0.0000,0.0000,1.0000,1.0000,1.0000
09:27:13.8273,0.8261,0.9177,0.7344,0.0000,0.0000,0.0000,1.0000,1.0000,1.0000
09:27:14.8274,0.8298,0.9197,0.7399,0.0000,0.0000,0.0000,1.0000,1.0000,1.0000
09:27:15.8276,0.8367,0.9233,0.7501,0.0000,0.0000,0.0000,1.0000,1.0000,1.0000
09:27:16.8277,0.8400,0.9250,0.7550,0.0000,0.0000,0.0000,1.0000,1.0000,1.0000
09:27:17.8277,0.8491,0.9297,0.7684,0.0000,0.0000,0.0000,1.0000,1.0000,1.0000
09:27:18.8277,0.8519,0.9311,0.7726,0.0000,0.0000,0.0000,1.0000,1.0000,1.0000
09:27:19.8306,0.8545,0.9325,0.7766,0.0000,0.0000,0.0000,1.0000,1.0000,1.0000
09:27:20.8299,0.8421,0.9213,0.7629,0.0000,0.0000,0.0000,1.0000,1.0000,1.0000
09:27:21.8334,0.8475,0.9242,0.7707,0.0000,0.0000,0.0000,1.0000,1.0000,1.0000
09:27:22.8333,0.8475,0.9242,0.7707,0.0000,0.0000,0.0000,1.0000,1.0000,1.0000
09:27:23.8358,0.8475,0.9242,0.7707,0.0000,0.0000,0.0000,1.0000,1.0000,1.0000
09:27:24.8380,0.8500,0.9256,0.7744,0.0000,0.0000,0.0000,1.0000,1.0000,1.0000
09:27:25.8392,0.8500,0.9256,0.7744,0.0000,0.0000,0.0000,1.0000,1.0000,1.0000
09:27:26.8398,0.8525,0.9269,0.7780,0.0000,0.0000,0.0000,1.0000,1.0000,1.0000
09:27:27.8396,0.8438,0.9182,0.7693,0.0000,0.0000,0.0000,1.0000,1.0000,1.0000
09:27:28.8425,0.8462,0.9195,0.7728,0.0000,0.0000,0.0000,1.0000,1.0000,1.0000
09:27:29.8431,0.8507,0.9221,0.7794,0.0000,0.0000,0.0000,1.0000,1.0000,1.0000
09:27:30.8436,0.8529,0.9234,0.7825,0.0000,0.0000,0.0000,1.0000,1.0000,1.0000
09:27:31.8464,0.8529,0.9234,0.7825,0.0000,0.0000,0.0000,1.0000,1.0000,1.0000
09:27:32.8464,0.8592,0.9269,0.7914,0.0000,0.0000,0.0000,1.0000,1.0000,1.0000
09:27:33.8466,0.8493,0.9180,0.7806,0.0000,0.0000,0.0000,1.0000,1.0000,1.0000
09:27:34.8500,0.8421,0.9107,0.7735,0.0000,0.0000,0.0000,1.0000,1.0000,1.0000
09:27:35.8539,0.8421,0.9107,0.7735,0.0000,0.0000,0.0000,1.0000,1.0000,1.0000
09:27:36.8573,0.8462,0.9132,0.7792,0.0000,0.0000,0.0000,1.0000,1.0000,1.0000
09:27:37.8606,0.8481,0.9143,0.7819,0.0000,0.0000,0.0000,1.0000,1.0000,1.0000
09:27:38.8619,0.8434,0.9088,0.7779,0.0000,0.0000,0.0000,1.0000,1.0000,1.0000
09:27:39.8620,0.8434,0.9088,0.7779,0.0000,0.0000,0.0000,1.0000,1.0000,1.0000
09:27:40.8621,0.8452,0.9100,0.7805,0.0000,0.0000,0.0000,1.0000,1.0000,1.0000
09:27:41.8622,0.8452,0.9100,0.7805,0.0000,0.0000,0.0000,1.0000,1.0000,1.0000
09:27:42.8622,0.8471,0.9111,0.7830,0.0000,0.0000,0.0000,1.0000,1.0000,1.0000
09:27:43.8630,0.8471,0.9111,0.7830,0.0000,0.0000,0.0000,1.0000,1.0000,1.0000
09:27:44.8628,0.8488,0.9122,0.7855,0.0000,0.0000,0.0000,1.0000,1.0000,1.0000
09:27:45.8629,0.8506,0.9133,0.7879,0.0000,0.0000,0.0000,1.0000,1.0000,1.0000
09:27:46.8629,0.8506,0.9133,0.7879,0.0000,0.0000,0.0000,1.0000,1.0000,1.0000
09:27:47.8630,0.8506,0.9133,0.7879,0.0000,0.0000,0.0000,1.0000,1.0000,1.0000
09:27:48.8630,0.8444,0.9071,0.7818,0.0000,0.0000,0.0000,1.0000,1.0000,1.0000
09:27:49.8655,0.8478,0.9092,0.7864,0.0000,0.0000,0.0000,1.0000,1.0000,1.0000
09:27:50.8655,0.8495,0.9103,0.7886,0.0000,0.0000,0.0000,1.0000,1.0000,1.0000
09:27:51.8655,0.8526,0.9123,0.7930,0.0000,0.0000,0.0000,1.0000,1.0000,1.0000
09:27:52.8665,0.8526,0.9123,0.7930,0.0000,0.0000,0.0000,1.0000,1.0000,1.0000
09:27:53.8696,0.8526,0.9123,0.7930,0.0000,0.0000,0.0000,1.0000,1.0000,1.0000
09:27:54.8711,0.8542,0.9132,0.7951,0.0000,0.0000,0.0000,1.0000,1.0000,1.0000
09:27:55.8743,0.8557,0.9142,0.7972,0.0000,0.0000,0.0000,1.0000,1.0000,1.0000
09:27:56.8766,0.8571,0.9151,0.7992,0.0000,0.0000,0.0000,1.0000,1.0000,1.0000
09:27:57.8767,0.8586,0.9160,0.8012,0.0000,0.0000,0.0000,1.0000,1.0000,1.0000
09:27:58.8767,0.8544,0.9114,0.7974,0.0000,0.0000,0.0000,1.0000,1.0000,1.0000
09:27:59.8771,0.8571,0.9131,0.8011,0.0000,0.0000,0.0000,1.0000,1.0000,1.0000
09:28:00.8785,0.8571,0.9131,0.8011,0.0000,0.0000,0.0000,1.0000,1.0000,1.0000
09:28:01.8786,0.8585,0.9140,0.8030,0.0000,0.0000,0.0000,1.0000,1.0000,1.0000
09:28:02.8786,0.8598,0.9149,0.8048,0.0000,0.0000,0.0000,1.0000,1.0000,1.0000
09:28:03.8786,0.8598,0.9149,0.8048,0.0000,0.0000,0.0000,1.0000,1.0000,1.0000
09:28:04.8787,0.8636,0.9173,0.8100,0.0000,0.0000,0.0000,1.0000,1.0000,1.0000
09:28:05.8793,0.8649,0.9181,0.8116,0.0000,0.0000,0.0000,1.0000,1.0000,1.0000
09:28:06.8797,0.7638,0.8256,0.7020,0.0000,0.0000,0.0000,1.0000,1.0000,1.0000
09:28:07.8797,0.7092,0.7719,0.6465,0.0000,0.0000,0.0000,1.0000,1.0000,1.0000
09:28:08.8797,0.6250,0.6878,0.5622,0.0000,0.0000,0.0000,1.0000,1.0000,1.0000
09:28:09.8817,0.5829,0.6440,0.5217,0.0000,0.0000,0.0000,1.0000,1.0000,1.0000
09:28:10.8845,0.5474,0.6066,0.4881,0.0000,0.0000,0.0000,1.0000,1.0000,1.0000
09:28:11.8868,0.5171,0.5743,0.4598,0.0000,0.0000,0.0000,1.0000,1.0000,1.0000
09:28:12.8869,0.5000,0.5553,0.4447,0.0000,0.0000,0.0000,1.0000,1.0000,1.0000
09:28:13.8871,0.4746,0.5279,0.4213,0.0000,0.0000,0.0000,1.0000,1.0000,1.0000
09:28:14.8871,0.4560,0.5077,0.4043,0.0000,0.0000,0.0000,1.0000,1.0000,1.0000
09:28:15.8871,0.4361,0.4860,0.3862,0.0000,0.0000,0.0000,1.0000,1.0000,1.0000
09:28:16.8872,0.4105,0.4583,0.3627,0.0000,0.0000,0.0000,1.0000,1.0000,1.0000
09:28:17.8889,0.3967,0.4430,0.3503,0.0000,0.0000,0.0000,1.0000,1.0000,1.0000
09:28:18.8912,0.3774,0.4219,0.3328,0.0000,0.0000,0.0000,1.0000,1.0000,1.0000
09:28:19.8931,0.3675,0.4109,0.3241,0.0000,0.0000,0.0000,1.0000,1.0000,1.0000
09:28:20.8931,0.3644,0.4070,0.3218,0.0000,0.0000,0.0000,1.0000,1.0000,1.0000
09:28:21.8950,0.3528,0.3941,0.3115,0.0000,0.0000,0.0000,1.0000,1.0000,1.0000
09:28:22.8950,0.3395,0.3795,0.2995,0.0000,0.0000,0.0000,1.0000,1.0000,1.0000
09:28:23.8950,0.3299,0.3689,0.2909,0.0000,0.0000,0.0000,1.0000,1.0000,1.0000
09:28:24.8955,0.3275,0.3659,0.2892,0.0000,0.0000,0.0000,1.0000,1.0000,1.0000
09:28:25.8957,0.3182,0.3555,0.2808,0.0000,0.0000,0.0000,1.0000,1.0000,1.0000
09:28:26.8958,0.3111,0.3475,0.2746,0.0000,0.0000,0.0000,1.0000,1.0000,1.0000
09:28:27.8959,0.3051,0.3408,0.2695,0.0000,0.0000,0.0000,1.0000,1.0000,1.0000
09:28:28.8960,0.3039,0.3389,0.2689,0.0000,0.0000,0.0000,1.0000,1.0000,1.0000
09:28:29.8981,0.2965,0.3307,0.2622,0.0000,0.0000,0.0000,1.0000,1.0000,1.0000
09:28:30.8993,0.2903,0.3237,0.2569,0.0000,0.0000,0.0000,1.0000,1.0000,1.0000
09:28:31.9027,0.2796,0.3120,0.2472,0.0000,0.0000,0.0000,1.0000,1.0000,1.0000
09:28:32.9027,0.2697,0.3012,0.2382,0.0000,0.0000,0.0000,1.0000,1.0000,1.0000
09:28:33.9044,0.2664,0.2974,0.2355,0.0000,0.0000,0.0000,1.0000,1.0000,1.0000
09:28:34.9066,0.2629,0.2933,0.2325,0.0000,0.0000,0.0000,1.0000,1.0000,1.0000
09:28:35.9106,0.2569,0.2866,0.2271,0.0000,0.0000,0.0000,1.0000,1.0000,1.0000
09:28:36.9108,0.2517,0.2808,0.2225,0.0000,0.0000,0.0000,1.0000,1.0000,1.0000
09:28:37.9111,0.2529,0.2818,0.2240,0.0000,0.0000,0.0000,1.0000,1.0000,1.0000
09:28:38.9108,0.2472,0.2755,0.2190,0.0000,0.0000,0.0000,1.0000,1.0000,1.0000
09:28:39.9110,0.2465,0.2744,0.2186,0.0000,0.0000,0.0000,1.0000,1.0000,1.0000
09:28:40.9109,0.2454,0.2730,0.2179,0.0000,0.0000,0.0000,1.0000,1.0000,1.0000
09:28:41.9111,0.2426,0.2697,0.2154,0.0000,0.0000,0.0000,1.0000,1.0000,1.0000
09:28:42.9112,0.2449,0.2719,0.2179,0.0000,0.0000,0.0000,1.0000,1.0000,1.0000
09:28:43.9115,0.2421,0.2687,0.2155,0.0000,0.0000,0.0000,1.0000,1.0000,1.0000
09:28:44.9112,0.2357,0.2617,0.2097,0.0000,0.0000,0.0000,1.0000,1.0000,1.0000
09:28:45.9111,0.2330,0.2586,0.2074,0.0000,0.0000,0.0000,1.0000,1.0000,1.0000
09:28:46.9112,0.2313,0.2566,0.2060,0.0000,0.0000,0.0000,1.0000,1.0000,1.0000
09:28:47.9112,0.2300,0.2550,0.2049,0.0000,0.0000,0.0000,1.0000,1.0000,1.0000
09:28:48.9122,0.2272,0.2518,0.2026,0.0000,0.0000,0.0000,1.0000,1.0000,1.0000
09:28:49.9137,0.2260,0.2504,0.2016,0.0000,0.0000,0.0000,1.0000,1.0000,1.0000
09:28:50.9137,0.2264,0.2506,0.2022,0.0000,0.0000,0.0000,1.0000,1.0000,1.0000
09:28:51.9137,0.2229,0.2467,0.1991,0.0000,0.0000,0.0000,1.0000,1.0000,1.0000
09:28:52.9159,0.2184,0.2418,0.1950,0.0000,0.0000,0.0000,1.0000,1.0000,1.0000
09:28:53.9159,0.2183,0.2415,0.1951,0.0000,0.0000,0.0000,1.0000,1.0000,1.0000
09:28:54.9163,0.2163,0.2392,0.1934,0.0000,0.0000,0.0000,1.0000,1.0000,1.0000
09:28:55.9163,0.2147,0.2373,0.1921,0.0000,0.0000,0.0000,1.0000,1.0000,1.0000
09:28:56.9195,0.2149,0.2374,0.1924,0.0000,0.0000,0.0000,1.0000,1.0000,1.0000
09:28:57.9204,0.2167,0.2391,0.1943,0.0000,0.0000,0.0000,1.0000,1.0000,1.0000
09:28:58.9233,0.2158,0.2381,0.1936,0.0000,0.0000,0.0000,1.0000,1.0000,1.0000
09:28:59.9233,0.2138,0.2358,0.1919,0.0000,0.0000,0.0000,1.0000,1.0000,1.0000
09:29:00.9259,0.2143,0.2361,0.1925,0.0000,0.0000,0.0000,1.0000,1.0000,1.0000
09:29:01.9272,0.2143,0.2359,0.1926,0.0000,0.0000,0.0000,1.0000,1.0000,1.0000
09:29:02.9276,0.2112,0.2325,0.1898,0.0000,0.0000,0.0000,1.0000,1.0000,1.0000
09:29:03.9275,0.2102,0.2314,0.1891,0.0000,0.0000,0.0000,1.0000,1.0000,1.0000
09:29:04.9305,0.2110,0.2321,0.1900,0.0000,0.0000,0.0000,1.0000,1.0000,1.0000
09:29:05.9310,0.2083,0.2291,0.1876,0.0000,0.0000,0.0000,1.0000,1.0000,1.0000
09:29:06.9317,0.2048,0.2252,0.1843,0.0000,0.0000,0.0000,1.0000,1.0000,1.0000
09:29:07.9329,0.2036,0.2238,0.1833,0.0000,0.0000,0.0000,1.0000,1.0000,1.0000
09:29:08.9357,0.2026,0.2226,0.1825,0.0000,0.0000,0.0000,1.0000,1.0000,1.0000
09:29:09.9385,0.2020,0.2219,0.1821,0.0000,0.0000,0.0000,1.0000,1.0000,1.0000
09:29:10.9420,0.2000,0.2197,0.1803,0.0000,0.0000,0.0000,1.0000,1.0000,1.0000
09:29:11.9453,0.2004,0.2199,0.1808,0.0000,0.0000,0.0000,1.0000,1.0000,1.0000
09:29:12.9450,0.1981,0.2174,0.1787,0.0000,0.0000,0.0000,1.0000,1.0000,1.0000
09:29:13.9470,0.1971,0.2162,0.1779,0.0000,0.0000,0.0000,1.0000,1.0000,1.0000
09:29:14.9484,0.1973,0.2163,0.1782,0.0000,0.0000,0.0000,1.0000,1.0000,1.0000
09:29:15.9484,0.1953,0.2141,0.1764,0.0000,0.0000,0.0000,1.0000,1.0000,1.0000
09:29:16.9493,0.1944,0.2131,0.1756,0.0000,0.0000,0.0000,1.0000,1.0000,1.0000
09:29:17.9491,0.1925,0.2110,0.1740,0.0000,0.0000,0.0000,1.0000,1.0000,1.0000
09:29:18.9508,0.1930,0.2115,0.1746,0.0000,0.0000,0.0000,1.0000,1.0000,1.0000
09:29:19.9526,0.1925,0.2108,0.1742,0.0000,0.0000,0.0000,1.0000,1.0000,1.0000
09:29:20.9560,0.1896,0.2076,0.1715,0.0000,0.0000,0.0000,1.0000,1.0000,1.0000
09:29:21.9580,0.1889,0.2069,0.1710,0.0000,0.0000,0.0000,1.0000,1.0000,1.0000
09:29:22.9598,0.1893,0.2072,0.1715,0.0000,0.0000,0.0000,1.0000,1.0000,1.0000
09:29:23.9620,0.1887,0.2064,0.1710,0.0000,0.0000,0.0000,1.0000,1.0000,1.0000
09:29:24.9627,0.1885,0.2061,0.1708,0.0000,0.0000,0.0000,1.0000,1.0000,1.0000
09:29:25.9623,0.1886,0.2062,0.1711,0.0000,0.0000,0.0000,1.0000,1.0000,1.0000
09:29:26.9626,0.1863,0.2036,0.1689,0.0000,0.0000,0.0000,1.0000,1.0000,1.0000
09:29:27.9624,0.1847,0.2019,0.1675,0.0000,0.0000,0.0000,1.0000,1.0000,1.0000
09:29:28.9628,0.1833,0.2003,0.1662,0.0000,0.0000,0.0000,1.0000,1.0000,1.0000
09:29:29.9625,0.1836,0.2005,0.1666,0.0000,0.0000,0.0000,1.0000,1.0000,1.0000
09:29:30.9626,0.1823,0.1992,0.1655,0.0000,0.0000,0.0000,1.0000,1.0000,1.0000
09:29:31.9630,0.1799,0.1966,0.1633,0.0000,0.0000,0.0000,1.0000,1.0000,1.0000
09:29:32.9647,0.1793,0.1958,0.1628,0.0000,0.0000,0.0000,1.0000,1.0000,1.0000
09:29:33.9675,0.1769,0.1932,0.1605,0.0000,0.0000,0.0000,1.0000,1.0000,1.0000
09:29:34.9675,0.1781,0.1944,0.1618,0.0000,0.0000,0.0000,1.0000,1.0000,1.0000
09:29:35.9678,0.1768,0.1929,0.1606,0.0000,0.0000,0.0000,1.0000,1.0000,1.0000
09:29:36.9678,0.1773,0.1935,0.1612,0.0000,0.0000,0.0000,1.0000,1.0000,1.0000
09:29:37.9679,0.1773,0.1935,0.1612,0.0000,0.0000,0.0000,1.0000,1.0000,1.0000
09:29:38.9678,0.1779,0.1941,0.1617,0.0000,0.0000,0.0000,1.0000,1.0000,1.0000
09:29:39.9679,0.1779,0.1941,0.1617,0.0000,0.0000,0.0000,1.0000,1.0000,1.0000
09:29:40.9682,0.1784,0.1946,0.1622,0.0000,0.0000,0.0000,1.0000,1.0000,1.0000
09:29:41.9714,0.1795,0.1958,0.1633,0.0000,0.0000,0.0000,1.0000,1.0000,1.0000
09:29:42.9727,0.1805,0.1967,0.1642,0.0000,0.0000,0.0000,1.0000,1.0000,1.0000
09:29:43.9729,0.1810,0.1973,0.1648,0.0000,0.0000,0.0000,1.0000,1.0000,1.0000
09:29:44.9729,0.1816,0.1979,0.1653,0.0000,0.0000,0.0000,1.0000,1.0000,1.0000
09:29:45.9731,0.1816,0.1979,0.1653,0.0000,0.0000,0.0000,1.0000,1.0000,1.0000
09:29:46.9754,0.1825,0.1988,0.1662,0.0000,0.0000,0.0000,1.0000,1.0000,1.0000
09:29:47.9755,0.1836,0.1999,0.1673,0.0000,0.0000,0.0000,1.0000,1.0000,1.0000
09:29:48.9754,0.1836,0.1999,0.1673,0.0000,0.0000,0.0000,1.0000,1.0000,1.0000
09:29:49.9793,0.1842,0.2005,0.1678,0.0000,0.0000,0.0000,1.0000,1.0000,1.0000
09:29:50.9787,0.1847,0.2010,0.1684,0.0000,0.0000,0.0000,1.0000,1.0000,1.0000
09:29:51.9823,0.1858,0.2021,0.1694,0.0000,0.0000,0.0000,1.0000,1.0000,1.0000
09:29:52.9832,0.1862,0.2026,0.1698,0.0000,0.0000,0.0000,1.0000,1.0000,1.0000
09:29:53.9859,0.1867,0.2031,0.1703,0.0000,0.0000,0.0000,1.0000,1.0000,1.0000
09:29:54.9859,0.1867,0.2031,0.1703,0.0000,0.0000,0.0000,1.0000,1.0000,1.0000
09:29:55.9859,0.1871,0.2035,0.1707,0.0000,0.0000,0.0000,1.0000,1.0000,1.0000
09:29:56.9859,0.1887,0.2052,0.1723,0.0000,0.0000,0.0000,1.0000,1.0000,1.0000
09:29:57.9860,0.1893,0.2057,0.1728,0.0000,0.0000,0.0000,1.0000,1.0000,1.0000
09:29:58.9860,0.1902,0.2067,0.1737,0.0000,0.0000,0.0000,1.0000,1.0000,1.0000
09:29:59.9868,0.1907,0.2072,0.1743,0.0000,0.0000,0.0000,1.0000,1.0000,1.0000
09:30:00.9868,0.1913,0.2077,0.1748,0.0000,0.0000,0.0000,1.0000,1.0000,1.0000
09:30:01.9869,0.1922,0.2087,0.1757,0.0000,0.0000,0.0000,1.0000,1.0000,1.0000
09:30:02.9886,0.1927,0.2092,0.1762,0.0000,0.0000,0.0000,1.0000,1.0000,1.0000
09:30:03.9886,0.1938,0.2103,0.1772,0.0000,0.0000,0.0000,1.0000,1.0000,1.0000
09:30:04.9893,0.1943,0.2108,0.1777,0.0000,0.0000,0.0000,1.0000,1.0000,1.0000
09:30:05.9929,0.1948,0.2114,0.1783,0.0000,0.0000,0.0000,1.0000,1.0000,1.0000
09:30:06.9961,0.1948,0.2114,0.1783,0.0000,0.0000,0.0000,1.0000,1.0000,1.0000
09:30:07.9965,0.1948,0.2114,0.1783,0.0000,0.0000,0.0000,1.0000,1.0000,1.0000
09:30:08.9963,0.1953,0.2119,0.1788,0.0000,0.0000,0.0000,1.0000,1.0000,1.0000
09:30:09.9967,0.1957,0.2123,0.1792,0.0000,0.0000,0.0000,1.0000,1.0000,1.0000
09:30:10.9965,0.1968,0.2134,0.1802,0.0000,0.0000,0.0000,1.0000,1.0000,1.0000
09:30:11.9982,0.1978,0.2144,0.1812,0.0000,0.0000,0.0000,1.0000,1.0000,1.0000
09:30:13.0012,0.1982,0.2148,0.1816,0.0000,0.0000,0.0000,1.0000,1.0000,1.0000
09:30:14.0017,0.1992,0.2159,0.1826,0.0000,0.0000,0.0000,1.0000,1.0000,1.0000
09:30:15.0014,0.1997,0.2164,0.1831,0.0000,0.0000,0.0000,1.0000,1.0000,1.0000
09:30:16.0015,0.2003,0.2169,0.1836,0.0000,0.0000,0.0000,1.0000,1.0000,1.0000
09:30:17.0015,0.2008,0.2174,0.1841,0.0000,0.0000,0.0000,1.0000,1.0000,1.0000
09:30:18.0016,0.2012,0.2178,0.1845,0.0000,0.0000,0.0000,1.0000,1.0000,1.0000
09:30:19.0016,0.2027,0.2194,0.1860,0.0000,0.0000,0.0000,1.0000,1.0000,1.0000
09:30:20.0021,0.2027,0.2194,0.1860,0.0000,0.0000,0.0000,1.0000,1.0000,1.0000
09:30:21.0017,0.2032,0.2199,0.1865,0.0000,0.0000,0.0000,1.0000,1.0000,1.0000
09:30:22.0017,0.2037,0.2204,0.1870,0.0000,0.0000,0.0000,1.0000,1.0000,1.0000
09:30:23.0047,0.2042,0.2210,0.1875,0.0000,0.0000,0.0000,1.0000,1.0000,1.0000
09:30:24.0077,0.2052,0.2220,0.1885,0.0000,0.0000,0.0000,1.0000,1.0000,1.0000
09:30:25.0113,0.2058,0.2225,0.1890,0.0000,0.0000,0.0000,1.0000,1.0000,1.0000
09:30:26.0147,0.2066,0.2234,0.1899,0.0000,0.0000,0.0000,1.0000,1.0000,1.0000
09:30:27.0152,0.2081,0.2249,0.1913,0.0000,0.0000,0.0000,1.0000,1.0000,1.0000
09:30:28.0153,0.2097,0.2265,0.1928,0.0000,0.0000,0.0000,1.0000,1.0000,1.0000
09:30:29.0153,0.2097,0.2265,0.1928,0.0000,0.0000,0.0000,1.0000,1.0000,1.0000
09:30:30.0173,0.2097,0.2265,0.1928,0.0000,0.0000,0.0000,1.0000,1.0000,1.0000
09:30:31.0194,0.2097,0.2265,0.1928,0.0000,0.0000,0.0000,1.0000,1.0000,1.0000
09:30:32.0225,0.2097,0.2265,0.1928,0.0000,0.0000,0.0000,1.0000,1.0000,1.0000
09:30:33.0227,0.2097,0.2265,0.1928,0.0000,0.0000,0.0000,1.0000,1.0000,1.0000
09:30:34.0229,0.2102,0.2270,0.1933,0.0000,0.0000,0.0000,1.0000,1.0000,1.0000
09:30:35.0229,0.2100,0.2269,0.1932,0.0000,0.0000,0.0000,1.0000,1.0000,1.0000
09:30:36.0229,0.2110,0.2279,0.1942,0.0000,0.0000,0.0000,1.0000,1.0000,1.0000
09:30:37.0229,0.2113,0.2281,0.1944,0.0000,0.0000,0.0000,1.0000,1.0000,1.0000
09:30:38.0229,0.2113,0.2281,0.1944,0.0000,0.0000,0.0000,1.0000,1.0000,1.0000
09:30:39.0232,0.2118,0.2286,0.1949,0.0000,0.0000,0.0000,1.0000,1.0000,1.0000
09:30:40.0254,0.2118,0.2286,0.1949,0.0000,0.0000,0.0000,1.0000,1.0000,1.0000
09:30:41.0284,0.2118,0.2286,0.1949,0.0000,0.0000,0.0000,1.0000,1.0000,1.0000
09:30:42.0298,0.2118,0.2286,0.1949,0.0000,0.0000,0.0000,1.0000,1.0000,1.0000
09:30:43.0300,0.2132,0.2301,0.1964,0.0000,0.0000,0.0000,1.0000,1.0000,1.0000
09:30:44.0301,0.2142,0.2311,0.1973,0.0000,0.0000,0.0000,1.0000,1.0000,1.0000
09:30:45.0301,0.2152,0.2321,0.1983,0.0000,0.0000,0.0000,1.0000,1.0000,1.0000
09:30:46.0303,0.2157,0.2326,0.1988,0.0000,0.0000,0.0000,1.0000,1.0000,1.0000
09:30:47.0301,0.2157,0.2326,0.1988,0.0000,0.0000,0.0000,1.0000,1.0000,1.0000
09:30:48.0302,0.2161,0.2330,0.1992,0.0000,0.0000,0.0000,1.0000,1.0000,1.0000
09:30:49.0302,0.2166,0.2335,0.1996,0.0000,0.0000,0.0000,1.0000,1.0000,1.0000
09:30:50.0334,0.2173,0.2342,0.2004,0.0000,0.0000,0.0000,1.0000,1.0000,1.0000
09:30:51.0345,0.2178,0.2347,0.2008,0.0000,0.0000,0.0000,1.0000,1.0000,1.0000
09:30:52.0377,0.2188,0.2357,0.2018,0.0000,0.0000,0.0000,1.0000,1.0000,1.0000
09:30:53.0382,0.2192,0.2362,0.2023,0.0000,0.0000,0.0000,1.0000,1.0000,1.0000
09:30:54.0380,0.2197,0.2367,0.2028,0.0000,0.0000,0.0000,1.0000,1.0000,1.0000
09:30:55.0380,0.2201,0.2370,0.2031,0.0000,0.0000,0.0000,1.0000,1.0000,1.0000
09:30:56.0381,0.2206,0.2375,0.2036,0.0000,0.0000,0.0000,1.0000,1.0000,1.0000
09:30:57.0382,0.2210,0.2380,0.2041,0.0000,0.0000,0.0000,1.0000,1.0000,1.0000
09:30:58.0382,0.2215,0.2385,0.2045,0.0000,0.0000,0.0000,1.0000,1.0000,1.0000
09:30:59.0383,0.2220,0.2390,0.2050,0.0000,0.0000,0.0000,1.0000,1.0000,1.0000
09:31:00.0414,0.2230,0.2400,0.2060,0.0000,0.0000,0.0000,1.0000,1.0000,1.0000
09:31:01.0414,0.2235,0.2405,0.2064,0.0000,0.0000,0.0000,1.0000,1.0000,1.0000
09:31:02.0448,0.2239,0.2410,0.2069,0.0000,0.0000,0.0000,1.0000,1.0000,1.0000
09:31:03.0476,0.2239,0.2410,0.2069,0.0000,0.0000,0.0000,1.0000,1.0000,1.0000
09:31:04.0477,0.2244,0.2415,0.2074,0.0000,0.0000,0.0000,1.0000,1.0000,1.0000
09:31:05.0480,0.2249,0.2420,0.2079,0.0000,0.0000,0.0000,1.0000,1.0000,1.0000
09:31:06.0484,0.2254,0.2424,0.2083,0.0000,0.0000,0.0000,1.0000,1.0000,1.0000
09:31:07.0486,0.2244,0.2413,0.2075,0.0000,0.0000,0.0000,1.0000,1.0000,1.0000
09:31:08.0484,0.2237,0.2406,0.2069,0.0000,0.0000,0.0000,1.0000,1.0000,1.0000
09:31:09.0511,0.2228,0.2395,0.2060,0.0000,0.0000,0.0000,1.0000,1.0000,1.0000
09:31:10.0510,0.2216,0.2382,0.2049,0.0000,0.0000,0.0000,1.0000,1.0000,1.0000
09:31:11.0544,0.2209,0.2374,0.2044,0.0000,0.0000,0.0000,1.0000,1.0000,1.0000
09:31:12.0548,0.2198,0.2363,0.2034,0.0000,0.0000,0.0000,1.0000,1.0000,1.0000
09:31:13.0570,0.2205,0.2369,0.2041,0.0000,0.0000,0.0000,1.0000,1.0000,1.0000
09:31:14.0612,0.2193,0.2356,0.2031,0.0000,0.0000,0.0000,1.0000,1.0000,1.0000
09:31:15.0629,0.2170,0.2331,0.2008,0.0000,0.0000,0.0000,1.0000,1.0000,1.0000
09:31:16.0644,0.2163,0.2323,0.2002,0.0000,0.0000,0.0000,1.0000,1.0000,1.0000
09:31:17.0650,0.2149,0.2308,0.1990,0.0000,0.0000,0.0000,1.0000,1.0000,1.0000
09:31:18.0651,0.2141,0.2299,0.1982,0.0000,0.0000,0.0000,1.0000,1.0000,1.0000
09:31:19.0651,0.2122,0.2279,0.1965,0.0000,0.0000,0.0000,1.0000,1.0000,1.0000
09:31:20.0682,0.2120,0.2276,0.1963,0.0000,0.0000,0.0000,1.0000,1.0000,1.0000
09:31:21.0686,0.2119,0.2275,0.1963,0.0000,0.0000,0.0000,1.0000,1.0000,1.0000
09:31:22.0686,0.2119,0.2274,0.1964,0.0000,0.0000,0.0000,1.0000,1.0000,1.0000
09:31:23.0688,0.2125,0.2279,0.1970,0.0000,0.0000,0.0000,1.0000,1.0000,1.0000
09:31:24.0688,0.2118,0.2272,0.1964,0.0000,0.0000,0.0000,1.0000,1.0000,1.0000
09:31:25.0688,0.2108,0.2261,0.1955,0.0000,0.0000,0.0000,1.0000,1.0000,1.0000
09:31:26.0716,0.2109,0.2262,0.1957,0.0000,0.0000,0.0000,1.0000,1.0000,1.0000
09:31:27.0737,0.2102,0.2254,0.1950,0.0000,0.0000,0.0000,1.0000,1.0000,1.0000
09:31:28.0738,0.2094,0.2245,0.1943,0.0000,0.0000,0.0000,1.0000,1.0000,1.0000
09:31:29.0738,0.2088,0.2239,0.1938,0.0000,0.0000,0.0000,1.0000,1.0000,1.0000
09:31:30.0739,0.2083,0.2232,0.1933,0.0000,0.0000,0.0000,1.0000,1.0000,1.0000
09:31:31.0743,0.2080,0.2229,0.1931,0.0000,0.0000,0.0000,1.0000,1.0000,1.0000
09:31:32.0739,0.2062,0.2209,0.1914,0.0000,0.0000,0.0000,1.0000,1.0000,1.0000
09:31:33.0741,0.2055,0.2202,0.1908,0.0000,0.0000,0.0000,1.0000,1.0000,1.0000
09:31:34.0745,0.2043,0.2189,0.1897,0.0000,0.0000,0.0000,1.0000,1.0000,1.0000
09:31:35.0741,0.2031,0.2176,0.1886,0.0000,0.0000,0.0000,1.0000,1.0000,1.0000
09:31:36.0741,0.2025,0.2170,0.1880,0.0000,0.0000,0.0000,1.0000,1.0000,1.0000
09:31:37.0742,0.2020,0.2164,0.1876,0.0000,0.0000,0.0000,1.0000,1.0000,1.0000
09:31:38.0767,0.2003,0.2146,0.1860,0.0000,0.0000,0.0000,1.0000,1.0000,1.0000
09:31:39.0797,0.2004,0.2146,0.1861,0.0000,0.0000,0.0000,1.0000,1.0000,1.0000
09:31:40.0820,0.1993,0.2134,0.1851,0.0000,0.0000,0.0000,1.0000,1.0000,1.0000
09:31:41.0819,0.1981,0.2122,0.1841,0.0000,0.0000,0.0000,1.0000,1.0000,1.0000
09:31:42.0820,0.1970,0.2109,0.1830,0.0000,0.0000,0.0000,1.0000,1.0000,1.0000
09:31:43.0819,0.1965,0.2105,0.1826,0.0000,0.0000,0.0000,1.0000,1.0000,1.0000
09:31:44.0820,0.1961,0.2100,0.1822,0.0000,0.0000,0.0000,1.0000,1.0000,1.0000
09:31:45.0824,0.1959,0.2097,0.1820,0.0000,0.0000,0.0000,1.0000,1.0000,1.0000
09:31:46.0827,0.1960,0.2097,0.1822,0.0000,0.0000,0.0000,1.0000,1.0000,1.0000
09:31:47.0824,0.1962,0.2099,0.1824,0.0000,0.0000,0.0000,1.0000,1.0000,1.0000
09:31:48.0846,0.1964,0.2101,0.1827,0.0000,0.0000,0.0000,1.0000,1.0000,1.0000
09:31:49.0857,0.1953,0.2090,0.1817,0.0000,0.0000,0.0000,1.0000,1.0000,1.0000
09:31:50.0858,0.1943,0.2078,0.1807,0.0000,0.0000,0.0000,1.0000,1.0000,1.0000
09:31:51.0857,0.1938,0.2073,0.1803,0.0000,0.0000,0.0000,1.0000,1.0000,1.0000
09:31:52.0892,0.1928,0.2062,0.1794,0.0000,0.0000,0.0000,1.0000,1.0000,1.0000
09:31:53.0893,0.1923,0.2057,0.1790,0.0000,0.0000,0.0000,1.0000,1.0000,1.0000
09:31:54.0896,0.1907,0.2039,0.1774,0.0000,0.0000,0.0000,1.0000,1.0000,1.0000
09:31:55.0895,0.1898,0.2029,0.1766,0.0000,0.0000,0.0000,1.0000,1.0000,1.0000
09:31:56.0895,0.1894,0.2025,0.1763,0.0000,0.0000,0.0000,1.0000,1.0000,1.0000
09:31:57.0895,0.1891,0.2021,0.1760,0.0000,0.0000,0.0000,1.0000,1.0000,1.0000
09:31:58.0927,0.1880,0.2010,0.1750,0.0000,0.0000,0.0000,1.0000,1.0000,1.0000
09:31:59.0955,0.1871,0.2000,0.1742,0.0000,0.0000,0.0000,1.0000,1.0000,1.0000
09:32:00.0961,0.1868,0.1997,0.1740,0.0000,0.0000,0.0000,1.0000,1.0000,1.0000
09:32:01.1005,0.1860,0.1989,0.1732,0.0000,0.0000,0.0000,1.0000,1.0000,1.0000
09:32:02.1024,0.1851,0.1978,0.1723,0.0000,0.0000,0.0000,1.0000,1.0000,1.0000
09:32:03.1037,0.1848,0.1975,0.1721,0.0000,0.0000,0.0000,1.0000,1.0000,1.0000
09:32:04.1060,0.1852,0.1979,0.1726,0.0000,0.0000,0.0000,1.0000,1.0000,1.0000
09:32:05.1059,0.1859,0.1986,0.1733,0.0000,0.0000,0.0000,1.0000,1.0000,1.0000
09:32:06.1060,0.1852,0.1979,0.1726,0.0000,0.0000,0.0000,1.0000,1.0000,1.0000
09:32:07.1061,0.1848,0.1974,0.1722,0.0000,0.0000,0.0000,1.0000,1.0000,1.0000
09:32:08.1088,0.1845,0.1970,0.1720,0.0000,0.0000,0.0000,1.0000,1.0000,1.0000
09:32:09.1095,0.1836,0.1961,0.1711,0.0000,0.0000,0.0000,1.0000,1.0000,1.0000
09:32:10.1096,0.1833,0.1957,0.1709,0.0000,0.0000,0.0000,1.0000,1.0000,1.0000
09:32:11.1096,0.1832,0.1955,0.1708,0.0000,0.0000,0.0000,1.0000,1.0000,1.0000
09:32:12.1099,0.1824,0.1948,0.1701,0.0000,0.0000,0.0000,1.0000,1.0000,1.0000
09:32:13.1099,0.1816,0.1939,0.1694,0.0000,0.0000,0.0000,1.0000,1.0000,1.0000
09:32:14.1099,0.1809,0.1931,0.1687,0.0000,0.0000,0.0000,1.0000,1.0000,1.0000
09:32:15.1099,0.1806,0.1928,0.1684,0.0000,0.0000,0.0000,1.0000,1.0000,1.0000
09:32:16.1118,0.1802,0.1923,0.1681,0.0000,0.0000,0.0000,1.0000,1.0000,1.0000
09:32:17.1117,0.1809,0.1931,0.1688,0.0000,0.0000,0.0000,1.0000,1.0000,1.0000
09:32:18.1134,0.1803,0.1924,0.1683,0.0000,0.0000,0.0000,1.0000,1.0000,1.0000
09:32:19.1160,0.1796,0.1916,0.1676,0.0000,0.0000,0.0000,1.0000,1.0000,1.0000
09:32:20.1161,0.1793,0.1913,0.1674,0.0000,0.0000,0.0000,1.0000,1.0000,1.0000
09:32:21.1178,0.1792,0.1911,0.1673,0.0000,0.0000,0.0000,1.0000,1.0000,1.0000
09:32:22.1178,0.1793,0.1912,0.1674,0.0000,0.0000,0.0000,1.0000,1.0000,1.0000
09:32:23.1178,0.1785,0.1904,0.1667,0.0000,0.0000,0.0000,1.0000,1.0000,1.0000
09:32:24.1180,0.1783,0.1901,0.1665,0.0000,0.0000,0.0000,1.0000,1.0000,1.0000
09:32:25.1213,0.1775,0.1893,0.1658,0.0000,0.0000,0.0000,1.0000,1.0000,1.0000
09:32:26.1213,0.1777,0.1894,0.1660,0.0000,0.0000,0.0000,1.0000,1.0000,1.0000
09:32:27.1221,0.1779,0.1896,0.1662,0.0000,0.0000,0.0000,1.0000,1.0000,1.0000
09:32:28.1252,0.1772,0.1888,0.1655,0.0000,0.0000,0.0000,1.0000,1.0000,1.0000
09:32:29.1285,0.1777,0.1894,0.1661,0.0000,0.0000,0.0000,1.0000,1.0000,1.0000
09:32:30.1307,0.1771,0.1886,0.1655,0.0000,0.0000,0.0000,1.0000,1.0000,1.0000
09:32:31.1329,0.1768,0.1884,0.1653,0.0000,0.0000,0.0000,1.0000,1.0000,1.0000
09:32:32.1338,0.1758,0.1872,0.1643,0.0000,0.0000,0.0000,1.0000,1.0000,1.0000
09:32:33.1379,0.1746,0.1860,0.1632,0.0000,0.0000,0.0000,1.0000,1.0000,1.0000
09:32:34.1382,0.1747,0.1861,0.1633,0.0000,0.0000,0.0000,1.0000,1.0000,1.0000
09:32:35.1427,0.1748,0.1862,0.1635,0.0000,0.0000,0.0000,1.0000,1.0000,1.0000
09:32:36.1432,0.1746,0.1860,0.1633,0.0000,0.0000,0.0000,1.0000,1.0000,1.0000
09:32:37.1465,0.1749,0.1862,0.1636,0.0000,0.0000,0.0000,1.0000,1.0000,1.0000
09:32:38.1479,0.1749,0.1862,0.1636,0.0000,0.0000,0.0000,1.0000,1.0000,1.0000
09:32:39.1490,0.1749,0.1862,0.1636,0.0000,0.0000,0.0000,1.0000,1.0000,1.0000
09:32:40.1521,0.1749,0.1862,0.1636,0.0000,0.0000,0.0000,1.0000,1.0000,1.0000
09:32:41.1528,0.1752,0.1865,0.1638,0.0000,0.0000,0.0000,1.0000,1.0000,1.0000
09:32:42.1528,0.1754,0.1868,0.1641,0.0000,0.0000,0.0000,1.0000,1.0000,1.0000
09:32:43.1538,0.1757,0.1871,0.1644,0.0000,0.0000,0.0000,1.0000,1.0000,1.0000
09:32:44.1536,0.1765,0.1879,0.1652,0.0000,0.0000,0.0000,1.0000,1.0000,1.0000
09:32:45.1549,0.1768,0.1882,0.1654,0.0000,0.0000,0.0000,1.0000,1.0000,1.0000
09:32:46.1567,0.1768,0.1882,0.1654,0.0000,0.0000,0.0000,1.0000,1.0000,1.0000
09:32:47.1576,0.1768,0.1882,0.1654,0.0000,0.0000,0.0000,1.0000,1.0000,1.0000
09:32:48.1587,0.1768,0.1882,0.1654,0.0000,0.0000,0.0000,1.0000,1.0000,1.0000
09:32:49.1587,0.1776,0.1890,0.1662,0.0000,0.0000,0.0000,1.0000,1.0000,1.0000
09:32:50.1590,0.1779,0.1893,0.1665,0.0000,0.0000,0.0000,1.0000,1.0000,1.0000
09:32:51.1587,0.1779,0.1893,0.1665,0.0000,0.0000,0.0000,1.0000,1.0000,1.0000
09:32:52.1607,0.1784,0.1898,0.1670,0.0000,0.0000,0.0000,1.0000,1.0000,1.0000
09:32:53.1591,0.1789,0.1903,0.1674,0.0000,0.0000,0.0000,1.0000,1.0000,1.0000
09:32:54.1625,0.1794,0.1908,0.1680,0.0000,0.0000,0.0000,1.0000,1.0000,1.0000
09:32:55.1657,0.1794,0.1908,0.1680,0.0000,0.0000,0.0000,1.0000,1.0000,1.0000
09:32:56.1678,0.1797,0.1911,0.1682,0.0000,0.0000,0.0000,1.0000,1.0000,1.0000
09:32:57.1691,0.1802,0.1916,0.1688,0.0000,0.0000,0.0000,1.0000,1.0000,1.0000
09:32:58.1689,0.1802,0.1916,0.1688,0.0000,0.0000,0.0000,1.0000,1.0000,1.0000
09:32:59.1689,0.1802,0.1916,0.1688,0.0000,0.0000,0.0000,1.0000,1.0000,1.0000
09:33:00.1707,0.1802,0.1916,0.1688,0.0000,0.0000,0.0000,1.0000,1.0000,1.0000
09:33:01.1690,0.1801,0.1916,0.1687,0.0000,0.0000,0.0000,1.0000,1.0000,1.0000
09:33:02.1691,0.1807,0.1921,0.1692,0.0000,0.0000,0.0000,1.0000,1.0000,1.0000
09:33:03.1698,0.1807,0.1921,0.1692,0.0000,0.0000,0.0000,1.0000,1.0000,1.0000
09:33:04.1694,0.1810,0.1924,0.1695,0.0000,0.0000,0.0000,1.0000,1.0000,1.0000
09:33:05.1695,0.1812,0.1927,0.1698,0.0000,0.0000,0.0000,1.0000,1.0000,1.0000
09:33:06.1692,0.1812,0.1927,0.1698,0.0000,0.0000,0.0000,1.0000,1.0000,1.0000
09:33:07.1694,0.1818,0.1932,0.1703,0.0000,0.0000,0.0000,1.0000,1.0000,1.0000
09:33:08.1724,0.1820,0.1935,0.1706,0.0000,0.0000,0.0000,1.0000,1.0000,1.0000
09:33:09.1723,0.1823,0.1938,0.1708,0.0000,0.0000,0.0000,1.0000,1.0000,1.0000
09:33:10.1723,0.1834,0.1948,0.1719,0.0000,0.0000,0.0000,1.0000,1.0000,1.0000
09:33:11.1757,0.1834,0.1948,0.1719,0.0000,0.0000,0.0000,1.0000,1.0000,1.0000
09:33:12.1764,0.1834,0.1948,0.1719,0.0000,0.0000,0.0000,1.0000,1.0000,1.0000
09:33:13.1764,0.1836,0.1951,0.1721,0.0000,0.0000,0.0000,1.0000,1.0000,1.0000
09:33:14.1763,0.1842,0.1957,0.1727,0.0000,0.0000,0.0000,1.0000,1.0000,1.0000
09:33:15.1779,0.1842,0.1957,0.1727,0.0000,0.0000,0.0000,1.0000,1.0000,1.0000
09:33:16.1779,0.1844,0.1959,0.1729,0.0000,0.0000,0.0000,1.0000,1.0000,1.0000
09:33:17.1798,0.1852,0.1967,0.1737,0.0000,0.0000,0.0000,1.0000,1.0000,1.0000
09:33:18.1807,0.1852,0.1967,0.1737,0.0000,0.0000,0.0000,1.0000,1.0000,1.0000
09:33:19.1805,0.1860,0.1975,0.1744,0.0000,0.0000,0.0000,1.0000,1.0000,1.0000
09:33:20.1822,0.1867,0.1982,0.1752,0.0000,0.0000,0.0000,1.0000,1.0000,1.0000
09:33:21.1837,0.1870,0.1985,0.1754,0.0000,0.0000,0.0000,1.0000,1.0000,1.0000
09:33:22.1836,0.1870,0.1985,0.1754,0.0000,0.0000,0.0000,1.0000,1.0000,1.0000
09:33:23.1849,0.1872,0.1988,0.1757,0.0000,0.0000,0.0000,1.0000,1.0000,1.0000
09:33:24.1852,0.1875,0.1990,0.1760,0.0000,0.0000,0.0000,1.0000,1.0000,1.0000
09:33:25.1852,0.1875,0.1990,0.1760,0.0000,0.0000,0.0000,1.0000,1.0000,1.0000
09:33:26.1853,0.1878,0.1993,0.1762,0.0000,0.0000,0.0000,1.0000,1.0000,1.0000
09:33:27.1860,0.1880,0.1996,0.1765,0.0000,0.0000,0.0000,1.0000,1.0000,1.0000
09:33:28.1882,0.1890,0.2005,0.1774,0.0000,0.0000,0.0000,1.0000,1.0000,1.0000
09:33:29.1884,0.1890,0.2005,0.1774,0.0000,0.0000,0.0000,1.0000,1.0000,1.0000
09:33:30.1903,0.1892,0.2008,0.1777,0.0000,0.0000,0.0000,1.0000,1.0000,1.0000
09:33:31.1913,0.1895,0.2011,0.1779,0.0000,0.0000,0.0000,1.0000,1.0000,1.0000
09:33:32.1905,0.1900,0.2016,0.1784,0.0000,0.0000,0.0000,1.0000,1.0000,1.0000
09:33:33.1904,0.1900,0.2016,0.1784,0.0000,0.0000,0.0000,1.0000,1.0000,1.0000
09:33:34.1934,0.1903,0.2019,0.1787,0.0000,0.0000,0.0000,1.0000,1.0000,1.0000
09:33:35.1934,0.1903,0.2019,0.1787,0.0000,0.0000,0.0000,1.0000,1.0000,1.0000
09:33:36.1935,0.1913,0.2029,0.1797,0.0000,0.0000,0.0000,1.0000,1.0000,1.0000
09:33:37.1935,0.1913,0.2029,0.1797,0.0000,0.0000,0.0000,1.0000,1.0000,1.0000
09:33:38.1963,0.1916,0.2032,0.1800,0.0000,0.0000,0.0000,1.0000,1.0000,1.0000
09:33:39.1962,0.1918,0.2034,0.1802,0.0000,0.0000,0.0000,1.0000,1.0000,1.0000
09:33:40.1963,0.1920,0.2037,0.1804,0.0000,0.0000,0.0000,1.0000,1.0000,1.0000
09:33:41.1997,0.1920,0.2037,0.1804,0.0000,0.0000,0.0000,1.0000,1.0000,1.0000
09:33:42.1996,0.1926,0.2042,0.1809,0.0000,0.0000,0.0000,1.0000,1.0000,1.0000
09:33:43.2021,0.1928,0.2045,0.1812,0.0000,0.0000,0.0000,1.0000,1.0000,1.0000
09:33:44.2049,0.1928,0.2045,0.1812,0.0000,0.0000,0.0000,1.0000,1.0000,1.0000
09:33:45.2022,0.1934,0.2050,0.1817,0.0000,0.0000,0.0000,1.0000,1.0000,1.0000
09:33:46.2043,0.1936,0.2053,0.1820,0.0000,0.0000,0.0000,1.0000,1.0000,1.0000
09:33:47.2057,0.1941,0.2058,0.1825,0.0000,0.0000,0.0000,1.0000,1.0000,1.0000
09:33:48.2088,0.1943,0.2060,0.1827,0.0000,0.0000,0.0000,1.0000,1.0000,1.0000
09:33:49.2110,0.1946,0.2062,0.1829,0.0000,0.0000,0.0000,1.0000,1.0000,1.0000
09:33:50.2110,0.1951,0.2068,0.1834,0.0000,0.0000,0.0000,1.0000,1.0000,1.0000
09:33:51.2111,0.1951,0.2068,0.1834,0.0000,0.0000,0.0000,1.0000,1.0000,1.0000
09:33:52.2121,0.1954,0.2070,0.1837,0.0000,0.0000,0.0000,1.0000,1.0000,1.0000
09:33:53.2121,0.1956,0.2072,0.1839,0.0000,0.0000,0.0000,1.0000,1.0000,1.0000
09:33:54.2132,0.1956,0.2072,0.1839,0.0000,0.0000,0.0000,1.0000,1.0000,1.0000
09:33:55.2133,0.1956,0.2072,0.1839,0.0000,0.0000,0.0000,1.0000,1.0000,1.0000
09:33:56.2153,0.1956,0.2072,0.1839,0.0000,0.0000,0.0000,1.0000,1.0000,1.0000
09:33:57.2153,0.1963,0.2080,0.1847,0.0000,0.0000,0.0000,1.0000,1.0000,1.0000
09:33:58.2187,0.1963,0.2080,0.1847,0.0000,0.0000,0.0000,1.0000,1.0000,1.0000
09:33:59.2208,0.1966,0.2083,0.1849,0.0000,0.0000,0.0000,1.0000,1.0000,1.0000
09:34:00.2209,0.1968,0.2085,0.1851,0.0000,0.0000,0.0000,1.0000,1.0000,1.0000
09:34:01.2226,0.1968,0.2085,0.1851,0.0000,0.0000,0.0000,1.0000,1.0000,1.0000
09:34:02.2227,0.1973,0.2090,0.1856,0.0000,0.0000,0.0000,1.0000,1.0000,1.0000
09:34:03.2228,0.1978,0.2095,0.1861,0.0000,0.0000,0.0000,1.0000,1.0000,1.0000
09:34:04.2231,0.1981,0.2098,0.1864,0.0000,0.0000,0.0000,1.0000,1.0000,1.0000
09:34:05.2249,0.1986,0.2103,0.1869,0.0000,0.0000,0.0000,1.0000,1.0000,1.0000
09:34:06.2274,0.1990,0.2108,0.1873,0.0000,0.0000,0.0000,1.0000,1.0000,1.0000
09:34:07.2276,0.1982,0.2099,0.1866,0.0000,0.0000,0.0000,1.0000,1.0000,1.0000
09:34:08.2281,0.1978,0.2095,0.1862,0.0000,0.0000,0.0000,1.0000,1.0000,1.0000
09:34:09.2289,0.1967,0.2083,0.1852,0.0000,0.0000,0.0000,1.0000,1.0000,1.0000
09:34:10.2290,0.1964,0.2080,0.1849,0.0000,0.0000,0.0000,1.0000,1.0000,1.0000
09:34:11.2294,0.1956,0.2071,0.1842,0.0000,0.0000,0.0000,1.0000,1.0000,1.0000
09:34:12.2291,0.1961,0.2076,0.1846,0.0000,0.0000,0.0000,1.0000,1.0000,1.0000
09:34:13.2291,0.1955,0.2069,0.1841,0.0000,0.0000,0.0000,1.0000,1.0000,1.0000
09:34:14.2314,0.1951,0.2065,0.1838,0.0000,0.0000,0.0000,1.0000,1.0000,1.0000
09:34:15.2329,0.1944,0.2058,0.1831,0.0000,0.0000,0.0000,1.0000,1.0000,1.0000
09:34:16.2349,0.1937,0.2050,0.1824,0.0000,0.0000,0.0000,1.0000,1.0000,1.0000
09:34:17.2352,0.1930,0.2042,0.1817,0.0000,0.0000,0.0000,1.0000,1.0000,1.0000
09:34:18.2381,0.1935,0.2048,0.1823,0.0000,0.0000,0.0000,1.0000,1.0000,1.0000
09:34:19.2409,0.1928,0.2040,0.1816,0.0000,0.0000,0.0000,1.0000,1.0000,1.0000
09:34:20.2439,0.1921,0.2032,0.1809,0.0000,0.0000,0.0000,1.0000,1.0000,1.0000
09:34:21.2439,0.1922,0.2034,0.1811,0.0000,0.0000,0.0000,1.0000,1.0000,1.0000
09:34:22.2457,0.1920,0.2031,0.1808,0.0000,0.0000,0.0000,1.0000,1.0000,1.0000
09:34:23.2488,0.1912,0.2022,0.1801,0.0000,0.0000,0.0000,1.0000,1.0000,1.0000
09:34:24.2488,0.1902,0.2012,0.1792,0.0000,0.0000,0.0000,1.0000,1.0000,1.0000
09:34:25.2487,0.1903,0.2013,0.1793,0.0000,0.0000,0.0000,1.0000,1.0000,1.0000
09:34:26.2489,0.1896,0.2006,0.1787,0.0000,0.0000,0.0000,1.0000,1.0000,1.0000
09:34:27.2491,0.1894,0.2003,0.1785,0.0000,0.0000,0.0000,1.0000,1.0000,1.0000
09:34:28.2492,0.1895,0.2004,0.1786,0.0000,0.0000,0.0000,1.0000,1.0000,1.0000
09:34:29.2492,0.1899,0.2008,0.1790,0.0000,0.0000,0.0000,1.0000,1.0000,1.0000
09:34:30.2509,0.1894,0.2002,0.1785,0.0000,0.0000,0.0000,1.0000,1.0000,1.0000
09:34:31.2544,0.1896,0.2004,0.1788,0.0000,0.0000,0.0000,1.0000,1.0000,1.0000
09:34:32.2568,0.1901,0.2010,0.1793,0.0000,0.0000,0.0000,1.0000,1.0000,1.0000
09:34:33.2567,0.1895,0.2002,0.1787,0.0000,0.0000,0.0000,1.0000,1.0000,1.0000
09:34:34.2568,0.1892,0.1999,0.1784,0.0000,0.0000,0.0000,1.0000,1.0000,1.0000
09:34:35.2585,0.1886,0.1993,0.1779,0.0000,0.0000,0.0000,1.0000,1.0000,1.0000
09:34:36.2617,0.1880,0.1987,0.1774,0.0000,0.0000,0.0000,1.0000,1.0000,1.0000
09:34:37.2618,0.1882,0.1989,0.1775,0.0000,0.0000,0.0000,1.0000,1.0000,1.0000
09:34:38.2630,0.1877,0.1983,0.1771,0.0000,0.0000,0.0000,1.0000,1.0000,1.0000
09:34:39.2663,0.1874,0.1980,0.1768,0.0000,0.0000,0.0000,1.0000,1.0000,1.0000
09:34:40.2671,0.1872,0.1978,0.1766,0.0000,0.0000,0.0000,1.0000,1.0000,1.0000
09:34:41.2695,0.1871,0.1977,0.1766,0.0000,0.0000,0.0000,1.0000,1.0000,1.0000
09:34:42.2713,0.1864,0.1970,0.1759,0.0000,0.0000,0.0000,1.0000,1.0000,1.0000
09:34:43.2740,0.1857,0.1962,0.1753,0.0000,0.0000,0.0000,1.0000,1.0000,1.0000
09:34:44.2743,0.1852,0.1957,0.1748,0.0000,0.0000,0.0000,1.0000,1.0000,1.0000
09:34:45.2743,0.1850,0.1954,0.1745,0.0000,0.0000,0.0000,1.0000,1.0000,1.0000
09:34:46.2747,0.1848,0.1952,0.1744,0.0000,0.0000,0.0000,1.0000,1.0000,1.0000
09:34:47.2784,0.1839,0.1943,0.1736,0.0000,0.0000,0.0000,1.0000,1.0000,1.0000
09:34:48.2784,0.1844,0.1947,0.1740,0.0000,0.0000,0.0000,1.0000,1.0000,1.0000
09:34:49.2803,0.1843,0.1946,0.1740,0.0000,0.0000,0.0000,1.0000,1.0000,1.0000
09:34:50.2837,0.1840,0.1943,0.1737,0.0000,0.0000,0.0000,1.0000,1.0000,1.0000
09:34:51.2861,0.1837,0.1940,0.1734,0.0000,0.0000,0.0000,1.0000,1.0000,1.0000
09:34:52.2892,0.1839,0.1941,0.1736,0.0000,0.0000,0.0000,1.0000,1.0000,1.0000
09:34:53.2913,0.1840,0.1943,0.1738,0.0000,0.0000,0.0000,1.0000,1.0000,1.0000
09:34:54.2913,0.1842,0.1944,0.1739,0.0000,0.0000,0.0000,1.0000,1.0000,1.0000
09:34:55.2920,0.1842,0.1944,0.1740,0.0000,0.0000,0.0000,1.0000,1.0000,1.0000
09:34:56.2954,0.1849,0.1952,0.1747,0.0000,0.0000,0.0000,1.0000,1.0000,1.0000
09:34:57.2986,0.1846,0.1948,0.1745,0.0000,0.0000,0.0000,1.0000,1.0000,1.0000
09:34:58.3003,0.1843,0.1945,0.1742,0.0000,0.0000,0.0000,1.0000,1.0000,1.0000
09:34:59.3004,0.1847,0.1948,0.1746,0.0000,0.0000,0.0000,1.0000,1.0000,1.0000
09:35:00.3028,0.1844,0.1945,0.1743,0.0000,0.0000,0.0000,1.0000,1.0000,1.0000
09:35:01.3027,0.1845,0.1946,0.1744,0.0000,0.0000,0.0000,1.0000,1.0000,1.0000
09:35:02.3045,0.1836,0.1937,0.1736,0.0000,0.0000,0.0000,1.0000,1.0000,1.0000
09:35:03.3062,0.1843,0.1943,0.1742,0.0000,0.0000,0.0000,1.0000,1.0000,1.0000
09:35:04.3084,0.1834,0.1935,0.1734,0.0000,0.0000,0.0000,1.0000,1.0000,1.0000
09:35:05.3117,0.1836,0.1936,0.1736,0.0000,0.0000,0.0000,1.0000,1.0000,1.0000
09:35:06.3123,0.1834,0.1934,0.1734,0.0000,0.0000,0.0000,1.0000,1.0000,1.0000
09:35:07.3122,0.1828,0.1928,0.1729,0.0000,0.0000,0.0000,1.0000,1.0000,1.0000
09:35:08.3124,0.1826,0.1925,0.1727,0.0000,0.0000,0.0000,1.0000,1.0000,1.0000
09:35:09.3136,0.1833,0.1932,0.1734,0.0000,0.0000,0.0000,1.0000,1.0000,1.0000
09:35:10.3136,0.1826,0.1925,0.1727,0.0000,0.0000,0.0000,1.0000,1.0000,1.0000
09:35:11.3169,0.1825,0.1923,0.1726,0.0000,0.0000,0.0000,1.0000,1.0000,1.0000
09:35:12.3205,0.1817,0.1915,0.1718,0.0000,0.0000,0.0000,1.0000,1.0000,1.0000
09:35:13.3221,0.1812,0.1910,0.1714,0.0000,0.0000,0.0000,1.0000,1.0000,1.0000
09:35:14.3221,0.1810,0.1908,0.1712,0.0000,0.0000,0.0000,1.0000,1.0000,1.0000
09:35:15.3221,0.1807,0.1905,0.1710,0.0000,0.0000,0.0000,1.0000,1.0000,1.0000
09:35:16.3222,0.1802,0.1900,0.1705,0.0000,0.0000,0.0000,1.0000,1.0000,1.0000
09:35:17.3245,0.1804,0.1901,0.1706,0.0000,0.0000,0.0000,1.0000,1.0000,1.0000
09:35:18.3246,0.1805,0.1902,0.1708,0.0000,0.0000,0.0000,1.0000,1.0000,1.0000
09:35:19.3246,0.1799,0.1896,0.1703,0.0000,0.0000,0.0000,1.0000,1.0000,1.0000
09:35:20.3281,0.1797,0.1894,0.1701,0.0000,0.0000,0.0000,1.0000,1.0000,1.0000
09:35:21.3291,0.1798,0.1895,0.1702,0.0000,0.0000,0.0000,1.0000,1.0000,1.0000
09:35:22.3292,0.1796,0.1892,0.1700,0.0000,0.0000,0.0000,1.0000,1.0000,1.0000
09:35:23.3294,0.1797,0.1893,0.1702,0.0000,0.0000,0.0000,1.0000,1.0000,1.0000
09:35:24.3297,0.1791,0.1886,0.1695,0.0000,0.0000,0.0000,1.0000,1.0000,1.0000
09:35:25.3327,0.1787,0.1882,0.1691,0.0000,0.0000,0.0000,1.0000,1.0000,1.0000
09:35:26.3342,0.1785,0.1881,0.1690,0.0000,0.0000,0.0000,1.0000,1.0000,1.0000
09:35:27.3367,0.1783,0.1878,0.1688,0.0000,0.0000,0.0000,1.0000,1.0000,1.0000
09:35:28.3376,0.1781,0.1876,0.1687,0.0000,0.0000,0.0000,1.0000,1.0000,1.0000
09:35:29.3401,0.1783,0.1877,0.1688,0.0000,0.0000,0.0000,1.0000,1.0000,1.0000
09:35:30.3413,0.1781,0.1876,0.1687,0.0000,0.0000,0.0000,1.0000,1.0000,1.0000
09:35:31.3437,0.1776,0.1870,0.1682,0.0000,0.0000,0.0000,1.0000,1.0000,1.0000
09:35:32.3429,0.1772,0.1866,0.1678,0.0000,0.0000,0.0000,1.0000,1.0000,1.0000
09:35:33.3460,0.1772,0.1866,0.1678,0.0000,0.0000,0.0000,1.0000,1.0000,1.0000
09:35:34.3486,0.1772,0.1866,0.1678,0.0000,0.0000,0.0000,1.0000,1.0000,1.0000
09:35:35.3487,0.1768,0.1861,0.1675,0.0000,0.0000,0.0000,1.0000,1.0000,1.0000
09:35:36.3528,0.1768,0.1861,0.1674,0.0000,0.0000,0.0000,1.0000,1.0000,1.0000
09:35:37.3554,0.1770,0.1863,0.1676,0.0000,0.0000,0.0000,1.0000,1.0000,1.0000
09:35:38.3573,0.1770,0.1863,0.1676,0.0000,0.0000,0.0000,1.0000,1.0000,1.0000
09:35:39.3608,0.1771,0.1865,0.1678,0.0000,0.0000,0.0000,1.0000,1.0000,1.0000
09:35:40.3608,0.1773,0.1867,0.1680,0.0000,0.0000,0.0000,1.0000,1.0000,1.0000
09:35:41.3643,0.1778,0.1872,0.1685,0.0000,0.0000,0.0000,1.0000,1.0000,1.0000
09:35:42.3646,0.1780,0.1873,0.1687,0.0000,0.0000,0.0000,1.0000,1.0000,1.0000
09:35:43.3642,0.1781,0.1875,0.1688,0.0000,0.0000,0.0000,1.0000,1.0000,1.0000
09:35:44.3642,0.1783,0.1876,0.1690,0.0000,0.0000,0.0000,1.0000,1.0000,1.0000
09:35:45.3644,0.1783,0.1876,0.1690,0.0000,0.0000,0.0000,1.0000,1.0000,1.0000
09:35:46.3654,0.1785,0.1878,0.1691,0.0000,0.0000,0.0000,1.0000,1.0000,1.0000
09:35:47.3655,0.1788,0.1881,0.1695,0.0000,0.0000,0.0000,1.0000,1.0000,1.0000
09:35:48.3654,0.1788,0.1881,0.1695,0.0000,0.0000,0.0000,1.0000,1.0000,1.0000
09:35:49.3655,0.1790,0.1883,0.1696,0.0000,0.0000,0.0000,1.0000,1.0000,1.0000
09:35:50.3674,0.1793,0.1887,0.1700,0.0000,0.0000,0.0000,1.0000,1.0000,1.0000
09:35:51.3674,0.1797,0.1890,0.1703,0.0000,0.0000,0.0000,1.0000,1.0000,1.0000
09:35:52.3675,0.1797,0.1890,0.1703,0.0000,0.0000,0.0000,1.0000,1.0000,1.0000
09:35:53.3681,0.1800,0.1894,0.1707,0.0000,0.0000,0.0000,1.0000,1.0000,1.0000
09:35:54.3706,0.1802,0.1896,0.1708,0.0000,0.0000,0.0000,1.0000,1.0000,1.0000
09:35:55.3734,0.1804,0.1898,0.1710,0.0000,0.0000,0.0000,1.0000,1.0000,1.0000
09:35:56.3765,0.1806,0.1899,0.1712,0.0000,0.0000,0.0000,1.0000,1.0000,1.0000
09:35:57.3765,0.1808,0.1901,0.1714,0.0000,0.0000,0.0000,1.0000,1.0000,1.0000
09:35:58.3800,0.1808,0.1901,0.1714,0.0000,0.0000,0.0000,1.0000,1.0000,1.0000
09:35:59.3800,0.1811,0.1905,0.1717,0.0000,0.0000,0.0000,1.0000,1.0000,1.0000
09:36:00.3814,0.1811,0.1905,0.1717,0.0000,0.0000,0.0000,1.0000,1.0000,1.0000
09:36:01.3815,0.1815,0.1909,0.1721,0.0000,0.0000,0.0000,1.0000,1.0000,1.0000
09:36:02.3817,0.1818,0.1912,0.1724,0.0000,0.0000,0.0000,1.0000,1.0000,1.0000
09:36:03.3817,0.1820,0.1914,0.1726,0.0000,0.0000,0.0000,1.0000,1.0000,1.0000
09:36:04.3818,0.1820,0.1914,0.1726,0.0000,0.0000,0.0000,1.0000,1.0000,1.0000
09:36:05.3819,0.1823,0.1917,0.1729,0.0000,0.0000,0.0000,1.0000,1.0000,1.0000
09:36:06.3820,0.1823,0.1917,0.1729,0.0000,0.0000,0.0000,1.0000,1.0000,1.0000
09:36:07.3820,0.1825,0.1919,0.1731,0.0000,0.0000,0.0000,1.0000,1.0000,1.0000
09:36:08.3821,0.1827,0.1921,0.1733,0.0000,0.0000,0.0000,1.0000,1.0000,1.0000
09:36:09.3821,0.1827,0.1921,0.1733,0.0000,0.0000,0.0000,1.0000,1.0000,1.0000
09:36:10.3857,0.1827,0.1921,0.1733,0.0000,0.0000,0.0000,1.0000,1.0000,1.0000
09:36:11.3852,0.1830,0.1924,0.1736,0.0000,0.0000,0.0000,1.0000,1.0000,1.0000
09:36:12.3882,0.1830,0.1924,0.1736,0.0000,0.0000,0.0000,1.0000,1.0000,1.0000
09:36:13.3889,0.1832,0.1926,0.1738,0.0000,0.0000,0.0000,1.0000,1.0000,1.0000
09:36:14.3890,0.1836,0.1930,0.1741,0.0000,0.0000,0.0000,1.0000,1.0000,1.0000
09:36:15.3899,0.1837,0.1931,0.1743,0.0000,0.0000,0.0000,1.0000,1.0000,1.0000
09:36:16.3916,0.1841,0.1935,0.1746,0.0000,0.0000,0.0000,1.0000,1.0000,1.0000
09:36:17.3938,0.1844,0.1938,0.1750,0.0000,0.0000,0.0000,1.0000,1.0000,1.0000
09:36:18.3963,0.1846,0.1940,0.1751,0.0000,0.0000,0.0000,1.0000,1.0000,1.0000
09:36:19.3995,0.1849,0.1943,0.1755,0.0000,0.0000,0.0000,1.0000,1.0000,1.0000
09:36:20.4028,0.1849,0.1943,0.1755,0.0000,0.0000,0.0000,1.0000,1.0000,1.0000
09:36:21.4057,0.1853,0.1947,0.1758,0.0000,0.0000,0.0000,1.0000,1.0000,1.0000
09:36:22.4088,0.1853,0.1947,0.1758,0.0000,0.0000,0.0000,1.0000,1.0000,1.0000
09:36:23.4121,0.1856,0.1951,0.1762,0.0000,0.0000,0.0000,1.0000,1.0000,1.0000
09:36:24.4120,0.1861,0.1956,0.1767,0.0000,0.0000,0.0000,1.0000,1.0000,1.0000
09:36:25.4120,0.1863,0.1957,0.1768,0.0000,0.0000,0.0000,1.0000,1.0000,1.0000
09:36:26.4133,0.1863,0.1957,0.1768,0.0000,0.0000,0.0000,1.0000,1.0000,1.0000
09:36:27.4131,0.1866,0.1961,0.1772,0.0000,0.0000,0.0000,1.0000,1.0000,1.0000
09:36:28.4130,0.1866,0.1961,0.1772,0.0000,0.0000,0.0000,1.0000,1.0000,1.0000
09:36:29.4164,0.1866,0.1961,0.1772,0.0000,0.0000,0.0000,1.0000,1.0000,1.0000
09:36:30.4177,0.1868,0.1962,0.1773,0.0000,0.0000,0.0000,1.0000,1.0000,1.0000
09:36:31.4182,0.1869,0.1964,0.1775,0.0000,0.0000,0.0000,1.0000,1.0000,1.0000
09:36:32.4221,0.1869,0.1964,0.1775,0.0000,0.0000,0.0000,1.0000,1.0000,1.0000
09:36:33.4215,0.1871,0.1966,0.1776,0.0000,0.0000,0.0000,1.0000,1.0000,1.0000
09:36:34.4215,0.1871,0.1966,0.1776,0.0000,0.0000,0.0000,1.0000,1.0000,1.0000
09:36:35.4222,0.1874,0.1969,0.1780,0.0000,0.0000,0.0000,1.0000,1.0000,1.0000
09:36:36.4235,0.1878,0.1972,0.1783,0.0000,0.0000,0.0000,1.0000,1.0000,1.0000
09:36:37.4236,0.1881,0.1976,0.1787,0.0000,0.0000,0.0000,1.0000,1.0000,1.0000
09:36:38.4240,0.1887,0.1981,0.1792,0.0000,0.0000,0.0000,1.0000,1.0000,1.0000
09:36:39.4241,0.1890,0.1985,0.1795,0.0000,0.0000,0.0000,1.0000,1.0000,1.0000
09:36:40.4240,0.1891,0.1986,0.1797,0.0000,0.0000,0.0000,1.0000,1.0000,1.0000
09:36:41.4240,0.1893,0.1988,0.1798,0.0000,0.0000,0.0000,1.0000,1.0000,1.0000
09:36:42.4241,0.1897,0.1992,0.1802,0.0000,0.0000,0.0000,1.0000,1.0000,1.0000
09:36:43.4275,0.1899,0.1993,0.1804,0.0000,0.0000,0.0000,1.0000,1.0000,1.0000
09:36:44.4274,0.1899,0.1993,0.1804,0.0000,0.0000,0.0000,1.0000,1.0000,1.0000
09:36:45.4307,0.1899,0.1993,0.1804,0.0000,0.0000,0.0000,1.0000,1.0000,1.0000
09:36:46.4317,0.1899,0.1993,0.1804,0.0000,0.0000,0.0000,1.0000,1.0000,1.0000
09:36:47.4312,0.1904,0.1999,0.1809,0.0000,0.0000,0.0000,1.0000,1.0000,1.0000
09:36:48.4313,0.1907,0.2002,0.1812,0.0000,0.0000,0.0000,1.0000,1.0000,1.0000
09:36:49.4318,0.1907,0.2002,0.1812,0.0000,0.0000,0.0000,1.0000,1.0000,1.0000
09:36:50.4319,0.1912,0.2007,0.1817,0.0000,0.0000,0.0000,1.0000,1.0000,1.0000
09:36:51.4360,0.1916,0.2011,0.1821,0.0000,0.0000,0.0000,1.0000,1.0000,1.0000
09:36:52.4332,0.1917,0.2013,0.1822,0.0000,0.0000,0.0000,1.0000,1.0000,1.0000
09:36:53.4361,0.1919,0.2014,0.1824,0.0000,0.0000,0.0000,1.0000,1.0000,1.0000
09:36:54.4361,0.1921,0.2016,0.1826,0.0000,0.0000,0.0000,1.0000,1.0000,1.0000
09:36:55.4366,0.1921,0.2016,0.1826,0.0000,0.0000,0.0000,1.0000,1.0000,1.0000
09:36:56.4364,0.1924,0.2020,0.1829,0.0000,0.0000,0.0000,1.0000,1.0000,1.0000
09:36:57.4375,0.1926,0.2022,0.1831,0.0000,0.0000,0.0000,1.0000,1.0000,1.0000
09:36:58.4387,0.1930,0.2025,0.1834,0.0000,0.0000,0.0000,1.0000,1.0000,1.0000
09:36:59.4389,0.1931,0.2027,0.1836,0.0000,0.0000,0.0000,1.0000,1.0000,1.0000
09:37:00.4391,0.1933,0.2028,0.1838,0.0000,0.0000,0.0000,1.0000,1.0000,1.0000
09:37:01.4424,0.1936,0.2031,0.1841,0.0000,0.0000,0.0000,1.0000,1.0000,1.0000
09:37:02.4436,0.1936,0.2031,0.1841,0.0000,0.0000,0.0000,1.0000,1.0000,1.0000
09:37:03.4464,0.1939,0.2034,0.1843,0.0000,0.0000,0.0000,1.0000,1.0000,1.0000
09:37:04.4466,0.1942,0.2037,0.1847,0.0000,0.0000,0.0000,1.0000,1.0000,1.0000
09:37:05.4466,0.1944,0.2039,0.1848,0.0000,0.0000,0.0000,1.0000,1.0000,1.0000
09:37:06.4468,0.1943,0.2038,0.1848,0.0000,0.0000,0.0000,1.0000,1.0000,1.0000
09:37:07.4469,0.1935,0.2030,0.1840,0.0000,0.0000,0.0000,1.0000,1.0000,1.0000
09:37:08.4468,0.1937,0.2032,0.1842,0.0000,0.0000,0.0000,1.0000,1.0000,1.0000
09:37:09.4489,0.1932,0.2027,0.1838,0.0000,0.0000,0.0000,1.0000,1.0000,1.0000
09:37:10.4523,0.1925,0.2019,0.1830,0.0000,0.0000,0.0000,1.0000,1.0000,1.0000
09:37:11.4552,0.1922,0.2016,0.1828,0.0000,0.0000,0.0000,1.0000,1.0000,1.0000
09:37:12.4565,0.1925,0.2020,0.1831,0.0000,0.0000,0.0000,1.0000,1.0000,1.0000
09:37:13.4564,0.1922,0.2016,0.1828,0.0000,0.0000,0.0000,1.0000,1.0000,1.0000
09:37:14.4597,0.1918,0.2012,0.1824,0.0000,0.0000,0.0000,1.0000,1.0000,1.0000
09:37:15.4597,0.1916,0.2009,0.1822,0.0000,0.0000,0.0000,1.0000,1.0000,1.0000
09:37:16.4634,0.1911,0.2005,0.1818,0.0000,0.0000,0.0000,1.0000,1.0000,1.0000
09:37:17.4629,0.1906,0.1999,0.1813,0.0000,0.0000,0.0000,1.0000,1.0000,1.0000
09:37:18.4649,0.1905,0.1997,0.1812,0.0000,0.0000,0.0000,1.0000,1.0000,1.0000
09:37:19.4664,0.1902,0.1995,0.1810,0.0000,0.0000,0.0000,1.0000,1.0000,1.0000
09:37:20.4663,0.1898,0.1990,0.1805,0.0000,0.0000,0.0000,1.0000,1.0000,1.0000
09:37:21.4697,0.1898,0.1990,0.1806,0.0000,0.0000,0.0000,1.0000,1.0000,1.0000
09:37:22.4700,0.1897,0.1989,0.1805,0.0000,0.0000,0.0000,1.0000,1.0000,1.0000
09:37:23.4700,0.1893,0.1984,0.1801,0.0000,0.0000,0.0000,1.0000,1.0000,1.0000
09:37:24.4700,0.1891,0.1983,0.1799,0.0000,0.0000,0.0000,1.0000,1.0000,1.0000
09:37:25.4736,0.1892,0.1984,0.1800,0.0000,0.0000,0.0000,1.0000,1.0000,1.0000
09:37:26.4734,0.1888,0.1979,0.1796,0.0000,0.0000,0.0000,1.0000,1.0000,1.0000
09:37:27.4734,0.1890,0.1981,0.1799,0.0000,0.0000,0.0000,1.0000,1.0000,1.0000
09:37:28.4757,0.1891,0.1982,0.1800,0.0000,0.0000,0.0000,1.0000,1.0000,1.0000
09:37:29.4781,0.1886,0.1977,0.1795,0.0000,0.0000,0.0000,1.0000,1.0000,1.0000
09:37:30.4802,0.1881,0.1972,0.1790,0.0000,0.0000,0.0000,1.0000,1.0000,1.0000
09:37:31.4821,0.1881,0.1972,0.1791,0.0000,0.0000,0.0000,1.0000,1.0000,1.0000
09:37:32.4832,0.1875,0.1965,0.1784,0.0000,0.0000,0.0000,1.0000,1.0000,1.0000
09:37:33.4832,0.1870,0.1960,0.1780,0.0000,0.0000,0.0000,1.0000,1.0000,1.0000
09:37:34.4837,0.1868,0.1958,0.1778,0.0000,0.0000,0.0000,1.0000,1.0000,1.0000
09:37:35.4836,0.1864,0.1953,0.1774,0.0000,0.0000,0.0000,1.0000,1.0000,1.0000
09:37:36.4873,0.1864,0.1953,0.1775,0.0000,0.0000,0.0000,1.0000,1.0000,1.0000
09:37:37.4892,0.1867,0.1957,0.1778,0.0000,0.0000,0.0000,1.0000,1.0000,1.0000
09:37:38.4892,0.1870,0.1960,0.1781,0.0000,0.0000,0.0000,1.0000,1.0000,1.0000
09:37:39.4901,0.1867,0.1956,0.1778,0.0000,0.0000,0.0000,1.0000,1.0000,1.0000
09:37:40.4899,0.1867,0.1956,0.1779,0.0000,0.0000,0.0000,1.0000,1.0000,1.0000
09:37:41.4899,0.1863,0.1952,0.1774,0.0000,0.0000,0.0000,1.0000,1.0000,1.0000
09:37:42.4900,0.1861,0.1950,0.1773,0.0000,0.0000,0.0000,1.0000,1.0000,1.0000
09:37:43.4917,0.1857,0.1945,0.1768,0.0000,0.0000,0.0000,1.0000,1.0000,1.0000
09:37:44.4940,0.1852,0.1941,0.1764,0.0000,0.0000,0.0000,1.0000,1.0000,1.0000
09:37:45.4964,0.1854,0.1942,0.1766,0.0000,0.0000,0.0000,1.0000,1.0000,1.0000
09:37:46.4969,0.1852,0.1940,0.1764,0.0000,0.0000,0.0000,1.0000,1.0000,1.0000
09:37:47.4963,0.1848,0.1936,0.1760,0.0000,0.0000,0.0000,1.0000,1.0000,1.0000
09:37:48.4986,0.1847,0.1934,0.1759,0.0000,0.0000,0.0000,1.0000,1.0000,1.0000
09:37:49.4982,0.1846,0.1933,0.1758,0.0000,0.0000,0.0000,1.0000,1.0000,1.0000
09:37:50.5016,0.1839,0.1926,0.1752,0.0000,0.0000,0.0000,1.0000,1.0000,1.0000
09:37:51.5026,0.1837,0.1924,0.1750,0.0000,0.0000,0.0000,1.0000,1.0000,1.0000
09:37:52.5027,0.1835,0.1922,0.1749,0.0000,0.0000,0.0000,1.0000,1.0000,1.0000
09:37:53.5026,0.1835,0.1921,0.1748,0.0000,0.0000,0.0000,1.0000,1.0000,1.0000
09:37:54.5028,0.1828,0.1915,0.1742,0.0000,0.0000,0.0000,1.0000,1.0000,1.0000
09:37:55.5044,0.1829,0.1915,0.1743,0.0000,0.0000,0.0000,1.0000,1.0000,1.0000
09:37:56.5055,0.1825,0.1911,0.1739,0.0000,0.0000,0.0000,1.0000,1.0000,1.0000
09:37:57.5088,0.1827,0.1913,0.1741,0.0000,0.0000,0.0000,1.0000,1.0000,1.0000
09:37:58.5124,0.1826,0.1911,0.1740,0.0000,0.0000,0.0000,1.0000,1.0000,1.0000
09:37:59.5124,0.1822,0.1908,0.1737,0.0000,0.0000,0.0000,1.0000,1.0000,1.0000
09:38:00.5139,0.1821,0.1907,0.1735,0.0000,0.0000,0.0000,1.0000,1.0000,1.0000
09:38:01.5171,0.1820,0.1905,0.1735,0.0000,0.0000,0.0000,1.0000,1.0000,1.0000
09:38:02.5175,0.1819,0.1904,0.1733,0.0000,0.0000,0.0000,1.0000,1.0000,1.0000
09:38:03.5170,0.1819,0.1904,0.1734,0.0000,0.0000,0.0000,1.0000,1.0000,1.0000
09:38:04.5188,0.1818,0.1903,0.1733,0.0000,0.0000,0.0000,1.0000,1.0000,1.0000
09:38:05.5207,0.1817,0.1901,0.1732,0.0000,0.0000,0.0000,1.0000,1.0000,1.0000
09:38:06.5236,0.1812,0.1897,0.1727,0.0000,0.0000,0.0000,1.0000,1.0000,1.0000
09:38:07.5234,0.1808,0.1893,0.1724,0.0000,0.0000,0.0000,1.0000,1.0000,1.0000
09:38:08.5259,0.1805,0.1889,0.1721,0.0000,0.0000,0.0000,1.0000,1.0000,1.0000
09:38:09.5258,0.1808,0.1892,0.1724,0.0000,0.0000,0.0000,1.0000,1.0000,1.0000
09:38:10.5282,0.1807,0.1891,0.1723,0.0000,0.0000,0.0000,1.0000,1.0000,1.0000
09:38:11.5302,0.1805,0.1889,0.1721,0.0000,0.0000,0.0000,1.0000,1.0000,1.0000
09:38:12.5332,0.1804,0.1888,0.1720,0.0000,0.0000,0.0000,1.0000,1.0000,1.0000
09:38:13.5334,0.1801,0.1884,0.1717,0.0000,0.0000,0.0000,1.0000,1.0000,1.0000
09:38:14.5333,0.1797,0.1881,0.1714,0.0000,0.0000,0.0000,1.0000,1.0000,1.0000
09:38:15.5355,0.1798,0.1881,0.1714,0.0000,0.0000,0.0000,1.0000,1.0000,1.0000
09:38:16.5368,0.1797,0.1880,0.1713,0.0000,0.0000,0.0000,1.0000,1.0000,1.0000
09:38:17.5394,0.1793,0.1876,0.1710,0.0000,0.0000,0.0000,1.0000,1.0000,1.0000
09:38:18.5392,0.1794,0.1877,0.1711,0.0000,0.0000,0.0000,1.0000,1.0000,1.0000
09:38:19.5393,0.1793,0.1875,0.1710,0.0000,0.0000,0.0000,1.0000,1.0000,1.0000
09:38:20.5410,0.1790,0.1872,0.1707,0.0000,0.0000,0.0000,1.0000,1.0000,1.0000
09:38:21.5437,0.1788,0.1871,0.1706,0.0000,0.0000,0.0000,1.0000,1.0000,1.0000
09:38:22.5446,0.1785,0.1867,0.1702,0.0000,0.0000,0.0000,1.0000,1.0000,1.0000
09:38:23.5448,0.1786,0.1868,0.1703,0.0000,0.0000,0.0000,1.0000,1.0000,1.0000
09:38:24.5448,0.1780,0.1862,0.1698,0.0000,0.0000,0.0000,1.0000,1.0000,1.0000
09:38:25.5448,0.1781,0.1863,0.1699,0.0000,0.0000,0.0000,1.0000,1.0000,1.0000
09:38:26.5449,0.1780,0.1862,0.1698,0.0000,0.0000,0.0000,1.0000,1.0000,1.0000
09:38:27.5449,0.1779,0.1860,0.1697,0.0000,0.0000,0.0000,1.0000,1.0000,1.0000
09:38:28.5473,0.1778,0.1860,0.1697,0.0000,0.0000,0.0000,1.0000,1.0000,1.0000
09:38:29.5471,0.1775,0.1856,0.1694,0.0000,0.0000,0.0000,1.0000,1.0000,1.0000
09:38:30.5472,0.1772,0.1853,0.1690,0.0000,0.0000,0.0000,1.0000,1.0000,1.0000
09:38:31.5505,0.1770,0.1851,0.1689,0.0000,0.0000,0.0000,1.0000,1.0000,1.0000
09:38:32.5524,0.1765,0.1846,0.1684,0.0000,0.0000,0.0000,1.0000,1.0000,1.0000
09:38:33.5524,0.1764,0.1845,0.1683,0.0000,0.0000,0.0000,1.0000,1.0000,1.0000
09:38:34.5525,0.1760,0.1841,0.1680,0.0000,0.0000,0.0000,1.0000,1.0000,1.0000
09:38:35.5525,0.1759,0.1839,0.1678,0.0000,0.0000,0.0000,1.0000,1.0000,1.0000
09:38:36.5533,0.1757,0.1838,0.1677,0.0000,0.0000,0.0000,1.0000,1.0000,1.0000
09:38:37.5567,0.1757,0.1838,0.1677,0.0000,0.0000,0.0000,1.0000,1.0000,1.0000
09:38:38.5575,0.1757,0.1838,0.1677,0.0000,0.0000,0.0000,1.0000,1.0000,1.0000
09:38:39.5575,0.1759,0.1839,0.1678,0.0000,0.0000,0.0000,1.0000,1.0000,1.0000
09:38:40.5605,0.1761,0.1842,0.1681,0.0000,0.0000,0.0000,1.0000,1.0000,1.0000
09:38:41.5639,0.1763,0.1843,0.1682,0.0000,0.0000,0.0000,1.0000,1.0000,1.0000
09:38:42.5671,0.1765,0.1846,0.1685,0.0000,0.0000,0.0000,1.0000,1.0000,1.0000
09:38:43.5696,0.1767,0.1847,0.1686,0.0000,0.0000,0.0000,1.0000,1.0000,1.0000
09:38:44.5694,0.1768,0.1848,0.1687,0.0000,0.0000,0.0000,1.0000,1.0000,1.0000
09:38:45.5694,0.1769,0.1850,0.1689,0.0000,0.0000,0.0000,1.0000,1.0000,1.0000
09:38:46.5718,0.1771,0.1852,0.1691,0.0000,0.0000,0.0000,1.0000,1.0000,1.0000
09:38:47.5751,0.1771,0.1852,0.1691,0.0000,0.0000,0.0000,1.0000,1.0000,1.0000
09:38:48.5753,0.1773,0.1853,0.1692,0.0000,0.0000,0.0000,1.0000,1.0000,1.0000
09:38:49.5782,0.1773,0.1853,0.1692,0.0000,0.0000,0.0000,1.0000,1.0000,1.0000
09:38:50.5781,0.1774,0.1855,0.1694,0.0000,0.0000,0.0000,1.0000,1.0000,1.0000
09:38:51.5806,0.1774,0.1855,0.1694,0.0000,0.0000,0.0000,1.0000,1.0000,1.0000
09:38:52.5805,0.1776,0.1856,0.1695,0.0000,0.0000,0.0000,1.0000,1.0000,1.0000
09:38:53.5805,0.1777,0.1857,0.1696,0.0000,0.0000,0.0000,1.0000,1.0000,1.0000
09:38:54.5840,0.1779,0.1860,0.1699,0.0000,0.0000,0.0000,1.0000,1.0000,1.0000
09:38:55.5856,0.1781,0.1861,0.1700,0.0000,0.0000,0.0000,1.0000,1.0000,1.0000
09:38:56.5857,0.1781,0.1861,0.1700,0.0000,0.0000,0.0000,1.0000,1.0000,1.0000
09:38:57.5858,0.1782,0.1863,0.1701,0.0000,0.0000,0.0000,1.0000,1.0000,1.0000
09:38:58.5858,0.1783,0.1864,0.1703,0.0000,0.0000,0.0000,1.0000,1.0000,1.0000
09:38:59.5859,0.1786,0.1866,0.1705,0.0000,0.0000,0.0000,1.0000,1.0000,1.0000
09:39:00.5861,0.1787,0.1868,0.1706,0.0000,0.0000,0.0000,1.0000,1.0000,1.0000
09:39:01.5884,0.1787,0.1868,0.1706,0.0000,0.0000,0.0000,1.0000,1.0000,1.0000
09:39:02.5887,0.1788,0.1869,0.1707,0.0000,0.0000,0.0000,1.0000,1.0000,1.0000
09:39:03.5886,0.1791,0.1872,0.1710,0.0000,0.0000,0.0000,1.0000,1.0000,1.0000
09:39:04.5894,0.1794,0.1874,0.1713,0.0000,0.0000,0.0000,1.0000,1.0000,1.0000
09:39:05.5917,0.1794,0.1874,0.1713,0.0000,0.0000,0.0000,1.0000,1.0000,1.0000
09:39:06.5920,0.1795,0.1876,0.1714,0.0000,0.0000,0.0000,1.0000,1.0000,1.0000
09:39:07.5920,0.1796,0.1877,0.1715,0.0000,0.0000,0.0000,1.0000,1.0000,1.0000
09:39:08.5920,0.1796,0.1877,0.1715,0.0000,0.0000,0.0000,1.0000,1.0000,1.0000
09:39:09.5921,0.1796,0.1877,0.1715,0.0000,0.0000,0.0000,1.0000,1.0000,1.0000
09:39:10.5921,0.1801,0.1882,0.1721,0.0000,0.0000,0.0000,1.0000,1.0000,1.0000
09:39:11.5921,0.1801,0.1882,0.1721,0.0000,0.0000,0.0000,1.0000,1.0000,1.0000
09:39:12.5951,0.1803,0.1884,0.1722,0.0000,0.0000,0.0000,1.0000,1.0000,1.0000
09:39:13.5951,0.1808,0.1889,0.1727,0.0000,0.0000,0.0000,1.0000,1.0000,1.0000
09:39:14.5952,0.1810,0.1891,0.1729,0.0000,0.0000,0.0000,1.0000,1.0000,1.0000
09:39:15.5985,0.1811,0.1892,0.1730,0.0000,0.0000,0.0000,1.0000,1.0000,1.0000
09:39:16.6008,0.1813,0.1894,0.1732,0.0000,0.0000,0.0000,1.0000,1.0000,1.0000
09:39:17.6010,0.1817,0.1898,0.1736,0.0000,0.0000,0.0000,1.0000,1.0000,1.0000
09:39:18.6010,0.1817,0.1898,0.1736,0.0000,0.0000,0.0000,1.0000,1.0000,1.0000
09:39:19.6010,0.1818,0.1899,0.1737,0.0000,0.0000,0.0000,1.0000,1.0000,1.0000
09:39:20.6011,0.1820,0.1902,0.1739,0.0000,0.0000,0.0000,1.0000,1.0000,1.0000
09:39:21.6011,0.1820,0.1902,0.1739,0.0000,0.0000,0.0000,1.0000,1.0000,1.0000
09:39:22.6012,0.1820,0.1902,0.1739,0.0000,0.0000,0.0000,1.0000,1.0000,1.0000
09:39:23.6029,0.1820,0.1902,0.1739,0.0000,0.0000,0.0000,1.0000,1.0000,1.0000
09:39:24.6030,0.1822,0.1903,0.1741,0.0000,0.0000,0.0000,1.0000,1.0000,1.0000
09:39:25.6064,0.1826,0.1907,0.1745,0.0000,0.0000,0.0000,1.0000,1.0000,1.0000
09:39:26.6098,0.1827,0.1908,0.1746,0.0000,0.0000,0.0000,1.0000,1.0000,1.0000
09:39:27.6098,0.1828,0.1909,0.1747,0.0000,0.0000,0.0000,1.0000,1.0000,1.0000
09:39:28.6098,0.1830,0.1911,0.1748,0.0000,0.0000,0.0000,1.0000,1.0000,1.0000
09:39:29.6105,0.1830,0.1911,0.1748,0.0000,0.0000,0.0000,1.0000,1.0000,1.0000
09:39:30.6105,0.1832,0.1913,0.1751,0.0000,0.0000,0.0000,1.0000,1.0000,1.0000
09:39:31.6106,0.1834,0.1915,0.1752,0.0000,0.0000,0.0000,1.0000,1.0000,1.0000
09:39:32.6125,0.1835,0.1916,0.1754,0.0000,0.0000,0.0000,1.0000,1.0000,1.0000
09:39:33.6139,0.1835,0.1916,0.1754,0.0000,0.0000,0.0000,1.0000,1.0000,1.0000
09:39:34.6139,0.1835,0.1916,0.1754,0.0000,0.0000,0.0000,1.0000,1.0000,1.0000
09:39:35.6172,0.1836,0.1917,0.1755,0.0000,0.0000,0.0000,1.0000,1.0000,1.0000
09:39:36.6184,0.1839,0.1920,0.1757,0.0000,0.0000,0.0000,1.0000,1.0000,1.0000
09:39:37.6187,0.1840,0.1921,0.1759,0.0000,0.0000,0.0000,1.0000,1.0000,1.0000
09:39:38.6204,0.1842,0.1924,0.1761,0.0000,0.0000,0.0000,1.0000,1.0000,1.0000
09:39:39.6225,0.1844,0.1925,0.1762,0.0000,0.0000,0.0000,1.0000,1.0000,1.0000
09:39:40.6236,0.1844,0.1925,0.1762,0.0000,0.0000,0.0000,1.0000,1.0000,1.0000
09:39:41.6236,0.1845,0.1926,0.1764,0.0000,0.0000,0.0000,1.0000,1.0000,1.0000
09:39:42.6236,0.1845,0.1927,0.1764,0.0000,0.0000,0.0000,1.0000,1.0000,1.0000
09:39:43.6237,0.1848,0.1929,0.1767,0.0000,0.0000,0.0000,1.0000,1.0000,1.0000
09:39:44.6265,0.1849,0.1931,0.1768,0.0000,0.0000,0.0000,1.0000,1.0000,1.0000
09:39:45.6266,0.1849,0.1931,0.1768,0.0000,0.0000,0.0000,1.0000,1.0000,1.0000
09:39:46.6300,0.1849,0.1931,0.1768,0.0000,0.0000,0.0000,1.0000,1.0000,1.0000
09:39:47.6299,0.1852,0.1933,0.1771,0.0000,0.0000,0.0000,1.0000,1.0000,1.0000
09:39:48.6320,0.1853,0.1935,0.1772,0.0000,0.0000,0.0000,1.0000,1.0000,1.0000
09:39:49.6319,0.1855,0.1936,0.1773,0.0000,0.0000,0.0000,1.0000,1.0000,1.0000
09:39:50.6319,0.1856,0.1937,0.1774,0.0000,0.0000,0.0000,1.0000,1.0000,1.0000
09:39:51.6320,0.1857,0.1939,0.1776,0.0000,0.0000,0.0000,1.0000,1.0000,1.0000
09:39:52.6353,0.1857,0.1939,0.1776,0.0000,0.0000,0.0000,1.0000,1.0000,1.0000
09:39:53.6356,0.1858,0.1940,0.1777,0.0000,0.0000,0.0000,1.0000,1.0000,1.0000
09:39:54.6355,0.1858,0.1940,0.1777,0.0000,0.0000,0.0000,1.0000,1.0000,1.0000
09:39:55.6356,0.1860,0.1941,0.1778,0.0000,0.0000,0.0000,1.0000,1.0000,1.0000
09:39:56.6374,0.1861,0.1943,0.1780,0.0000,0.0000,0.0000,1.0000,1.0000,1.0000
09:39:57.6408,0.1862,0.1944,0.1781,0.0000,0.0000,0.0000,1.0000,1.0000,1.0000
09:39:58.6429,0.1863,0.1945,0.1782,0.0000,0.0000,0.0000,1.0000,1.0000,1.0000
09:39:59.6427,0.1865,0.1946,0.1783,0.0000,0.0000,0.0000,1.0000,1.0000,1.0000
09:40:00.6435,0.1866,0.1948,0.1784,0.0000,0.0000,0.0000,1.0000,1.0000,1.0000
09:40:01.6452,0.1869,0.1951,0.1788,0.0000,0.0000,0.0000,1.0000,1.0000,1.0000
09:40:02.6463,0.1872,0.1954,0.1790,0.0000,0.0000,0.0000,1.0000,1.0000,1.0000
09:40:03.6496,0.1873,0.1955,0.1791,0.0000,0.0000,0.0000,1.0000,1.0000,1.0000
09:40:04.6506,0.1873,0.1955,0.1791,0.0000,0.0000,0.0000,1.0000,1.0000,1.0000
09:40:05.6509,0.1874,0.1956,0.1792,0.0000,0.0000,0.0000,1.0000,1.0000,1.0000
09:40:06.6539,0.1875,0.1956,0.1793,0.0000,0.0000,0.0000,1.0000,1.0000,1.0000
09:40:07.6539,0.1877,0.1959,0.1796,0.0000,0.0000,0.0000,1.0000,1.0000,1.0000
09:40:08.6573,0.1872,0.1953,0.1790,0.0000,0.0000,0.0000,1.0000,1.0000,1.0000
09:40:09.6596,0.1870,0.1951,0.1789,0.0000,0.0000,0.0000,1.0000,1.0000,1.0000
09:40:10.6602,0.1864,0.1945,0.1783,0.0000,0.0000,0.0000,1.0000,1.0000,1.0000
09:40:11.6602,0.1861,0.1941,0.1780,0.0000,0.0000,0.0000,1.0000,1.0000,1.0000
09:40:12.6602,0.1857,0.1938,0.1776,0.0000,0.0000,0.0000,1.0000,1.0000,1.0000
09:40:13.6603,0.1857,0.1937,0.1776,0.0000,0.0000,0.0000,1.0000,1.0000,1.0000
09:40:14.6635,0.1856,0.1936,0.1775,0.0000,0.0000,0.0000,1.0000,1.0000,1.0000
09:40:15.6635,0.1854,0.1934,0.1774,0.0000,0.0000,0.0000,1.0000,1.0000,1.0000
09:40:16.6664,0.1851,0.1931,0.1770,0.0000,0.0000,0.0000,1.0000,1.0000,1.0000
09:40:17.6663,0.1845,0.1925,0.1765,0.0000,0.0000,0.0000,1.0000,1.0000,1.0000
09:40:18.6675,0.1843,0.1923,0.1763,0.0000,0.0000,0.0000,1.0000,1.0000,1.0000
09:40:19.6709,0.1842,0.1921,0.1762,0.0000,0.0000,0.0000,1.0000,1.0000,1.0000
09:40:20.6742,0.1842,0.1922,0.1763,0.0000,0.0000,0.0000,1.0000,1.0000,1.0000
09:40:21.6753,0.1841,0.1920,0.1761,0.0000,0.0000,0.0000,1.0000,1.0000,1.0000
09:40:22.6761,0.1837,0.1917,0.1758,0.0000,0.0000,0.0000,1.0000,1.0000,1.0000
09:40:23.6759,0.1838,0.1917,0.1758,0.0000,0.0000,0.0000,1.0000,1.0000,1.0000
09:40:24.6804,0.1837,0.1916,0.1758,0.0000,0.0000,0.0000,1.0000,1.0000,1.0000
09:40:25.6836,0.1836,0.1915,0.1757,0.0000,0.0000,0.0000,1.0000,1.0000,1.0000
09:40:26.6862,0.1834,0.1913,0.1755,0.0000,0.0000,0.0000,1.0000,1.0000,1.0000
09:40:27.6880,0.1833,0.1911,0.1754,0.0000,0.0000,0.0000,1.0000,1.0000,1.0000
09:40:28.6900,0.1831,0.1910,0.1753,0.0000,0.0000,0.0000,1.0000,1.0000,1.0000
09:40:29.6903,0.1830,0.1909,0.1752,0.0000,0.0000,0.0000,1.0000,1.0000,1.0000
09:40:30.6902,0.1831,0.1910,0.1753,0.0000,0.0000,0.0000,1.0000,1.0000,1.0000
09:40:31.6914,0.1835,0.1913,0.1757,0.0000,0.0000,0.0000,1.0000,1.0000,1.0000
09:40:32.6916,0.1830,0.1908,0.1752,0.0000,0.0000,0.0000,1.0000,1.0000,1.0000
09:40:33.6918,0.1829,0.1907,0.1751,0.0000,0.0000,0.0000,1.0000,1.0000,1.0000
09:40:34.6918,0.1830,0.1908,0.1752,0.0000,0.0000,0.0000,1.0000,1.0000,1.0000
09:40:35.6918,0.1825,0.1903,0.1747,0.0000,0.0000,0.0000,1.0000,1.0000,1.0000
09:40:36.6920,0.1822,0.1900,0.1744,0.0000,0.0000,0.0000,1.0000,1.0000,1.0000
09:40:37.6955,0.1826,0.1904,0.1749,0.0000,0.0000,0.0000,1.0000,1.0000,1.0000
09:40:38.6953,0.1823,0.1901,0.1746,0.0000,0.0000,0.0000,1.0000,1.0000,1.0000
09:40:39.6980,0.1820,0.1898,0.1743,0.0000,0.0000,0.0000,1.0000,1.0000,1.0000
09:40:40.7003,0.1817,0.1894,0.1740,0.0000,0.0000,0.0000,1.0000,1.0000,1.0000
09:40:41.7004,0.1817,0.1895,0.1740,0.0000,0.0000,0.0000,1.0000,1.0000,1.0000
09:40:42.7003,0.1815,0.1892,0.1738,0.0000,0.0000,0.0000,1.0000,1.0000,1.0000
09:40:43.7004,0.1812,0.1889,0.1735,0.0000,0.0000,0.0000,1.0000,1.0000,1.0000
09:40:44.7004,0.1810,0.1887,0.1734,0.0000,0.0000,0.0000,1.0000,1.0000,1.0000
09:40:45.7007,0.1811,0.1888,0.1734,0.0000,0.0000,0.0000,1.0000,1.0000,1.0000
09:40:46.7008,0.1808,0.1885,0.1731,0.0000,0.0000,0.0000,1.0000,1.0000,1.0000
09:40:47.7037,0.1805,0.1881,0.1728,0.0000,0.0000,0.0000,1.0000,1.0000,1.0000
09:40:48.7051,0.1804,0.1880,0.1727,0.0000,0.0000,0.0000,1.0000,1.0000,1.0000
09:40:49.7035,0.1800,0.1877,0.1724,0.0000,0.0000,0.0000,1.0000,1.0000,1.0000
09:40:50.7069,0.1801,0.1877,0.1725,0.0000,0.0000,0.0000,1.0000,1.0000,1.0000
09:40:51.7069,0.1796,0.1872,0.1720,0.0000,0.0000,0.0000,1.0000,1.0000,1.0000
09:40:52.7078,0.1795,0.1871,0.1719,0.0000,0.0000,0.0000,1.0000,1.0000,1.0000
09:40:53.7109,0.1794,0.1870,0.1719,0.0000,0.0000,0.0000,1.0000,1.0000,1.0000
09:40:54.7114,0.1789,0.1865,0.1714,0.0000,0.0000,0.0000,1.0000,1.0000,1.0000
09:40:55.7147,0.1788,0.1864,0.1713,0.0000,0.0000,0.0000,1.0000,1.0000,1.0000
09:40:56.7179,0.1786,0.1862,0.1711,0.0000,0.0000,0.0000,1.0000,1.0000,1.0000
09:40:57.7194,0.1785,0.1860,0.1710,0.0000,0.0000,0.0000,1.0000,1.0000,1.0000
09:40:58.7215,0.1785,0.1860,0.1710,0.0000,0.0000,0.0000,1.0000,1.0000,1.0000
09:40:59.7231,0.1782,0.1857,0.1707,0.0000,0.0000,0.0000,1.0000,1.0000,1.0000
09:41:00.7264,0.1779,0.1854,0.1704,0.0000,0.0000,0.0000,1.0000,1.0000,1.0000
09:41:01.7287,0.1777,0.1851,0.1702,0.0000,0.0000,0.0000,1.0000,1.0000,1.0000
09:41:02.7288,0.1778,0.1852,0.1703,0.0000,0.0000,0.0000,1.0000,1.0000,1.0000
09:41:03.7322,0.1777,0.1852,0.1702,0.0000,0.0000,0.0000,1.0000,1.0000,1.0000
09:41:04.7327,0.1775,0.1849,0.1700,0.0000,0.0000,0.0000,1.0000,1.0000,1.0000
09:41:05.7327,0.1773,0.1848,0.1699,0.0000,0.0000,0.0000,1.0000,1.0000,1.0000
09:41:06.7328,0.1772,0.1847,0.1698,0.0000,0.0000,0.0000,1.0000,1.0000,1.0000
09:41:07.7329,0.1775,0.1849,0.1700,0.0000,0.0000,0.0000,1.0000,1.0000,1.0000
09:41:08.7356,0.1774,0.1848,0.1699,0.0000,0.0000,0.0000,1.0000,1.0000,1.0000
09:41:09.7378,0.1771,0.1845,0.1697,0.0000,0.0000,0.0000,1.0000,1.0000,1.0000
09:41:10.7384,0.1772,0.1846,0.1698,0.0000,0.0000,0.0000,1.0000,1.0000,1.0000
09:41:11.7411,0.1773,0.1847,0.1699,0.0000,0.0000,0.0000,1.0000,1.0000,1.0000
09:41:12.7411,0.1772,0.1846,0.1698,0.0000,0.0000,0.0000,1.0000,1.0000,1.0000
09:41:13.7431,0.1773,0.1846,0.1699,0.0000,0.0000,0.0000,1.0000,1.0000,1.0000
09:41:14.7464,0.1772,0.1845,0.1698,0.0000,0.0000,0.0000,1.0000,1.0000,1.0000
09:41:15.7463,0.1773,0.1846,0.1699,0.0000,0.0000,0.0000,1.0000,1.0000,1.0000
09:41:16.7497,0.1768,0.1842,0.1695,0.0000,0.0000,0.0000,1.0000,1.0000,1.0000
09:41:17.7511,0.1769,0.1842,0.1695,0.0000,0.0000,0.0000,1.0000,1.0000,1.0000
09:41:18.7539,0.1769,0.1842,0.1696,0.0000,0.0000,0.0000,1.0000,1.0000,1.0000
09:41:19.7565,0.1765,0.1839,0.1692,0.0000,0.0000,0.0000,1.0000,1.0000,1.0000
09:41:20.7589,0.1763,0.1836,0.1690,0.0000,0.0000,0.0000,1.0000,1.0000,1.0000
09:41:21.7589,0.1764,0.1837,0.1691,0.0000,0.0000,0.0000,1.0000,1.0000,1.0000
09:41:22.7589,0.1766,0.1839,0.1693,0.0000,0.0000,0.0000,1.0000,1.0000,1.0000
09:41:23.7591,0.1762,0.1835,0.1689,0.0000,0.0000,0.0000,1.0000,1.0000,1.0000
09:41:24.7622,0.1762,0.1835,0.1690,0.0000,0.0000,0.0000,1.0000,1.0000,1.0000
09:41:25.7621,0.1764,0.1837,0.1692,0.0000,0.0000,0.0000,1.0000,1.0000,1.0000
09:41:26.7653,0.1765,0.1838,0.1692,0.0000,0.0000,0.0000,1.0000,1.0000,1.0000
09:41:27.7660,0.1762,0.1835,0.1689,0.0000,0.0000,0.0000,1.0000,1.0000,1.0000
09:41:28.7681,0.1761,0.1834,0.1689,0.0000,0.0000,0.0000,1.0000,1.0000,1.0000
09:41:29.7707,0.1760,0.1832,0.1688,0.0000,0.0000,0.0000,1.0000,1.0000,1.0000
09:41:30.7731,0.1756,0.1828,0.1683,0.0000,0.0000,0.0000,1.0000,1.0000,1.0000
09:41:31.7760,0.1754,0.1827,0.1682,0.0000,0.0000,0.0000,1.0000,1.0000,1.0000
09:41:32.7760,0.1753,0.1825,0.1681,0.0000,0.0000,0.0000,1.0000,1.0000,1.0000
09:41:33.7777,0.1749,0.1821,0.1677,0.0000,0.0000,0.0000,1.0000,1.0000,1.0000
09:41:34.7807,0.1746,0.1818,0.1675,0.0000,0.0000,0.0000,1.0000,1.0000,1.0000
09:41:35.7808,0.1746,0.1817,0.1674,0.0000,0.0000,0.0000,1.0000,1.0000,1.0000
09:41:36.7826,0.1747,0.1818,0.1675,0.0000,0.0000,0.0000,1.0000,1.0000,1.0000
09:41:37.7861,0.1748,0.1820,0.1676,0.0000,0.0000,0.0000,1.0000,1.0000,1.0000
09:41:38.7878,0.1748,0.1820,0.1676,0.0000,0.0000,0.0000,1.0000,1.0000,1.0000
09:41:39.7891,0.1748,0.1820,0.1676,0.0000,0.0000,0.0000,1.0000,1.0000,1.0000
09:41:40.7917,0.1748,0.1820,0.1676,0.0000,0.0000,0.0000,1.0000,1.0000,1.0000
09:41:41.7948,0.1749,0.1821,0.1677,0.0000,0.0000,0.0000,1.0000,1.0000,1.0000
09:41:42.7981,0.1749,0.1821,0.1677,0.0000,0.0000,0.0000,1.0000,1.0000,1.0000
09:41:43.7981,0.1749,0.1821,0.1677,0.0000,0.0000,0.0000,1.0000,1.0000,1.0000
09:41:44.7981,0.1751,0.1823,0.1679,0.0000,0.0000,0.0000,1.0000,1.0000,1.0000
09:41:45.8018,0.1752,0.1824,0.1680,0.0000,0.0000,0.0000,1.0000,1.0000,1.0000
09:41:46.8019,0.1753,0.1825,0.1681,0.0000,0.0000,0.0000,1.0000,1.0000,1.0000
09:41:47.8028,0.1755,0.1827,0.1684,0.0000,0.0000,0.0000,1.0000,1.0000,1.0000
09:41:48.8028,0.1757,0.1828,0.1685,0.0000,0.0000,0.0000,1.0000,1.0000,1.0000
09:41:49.8031,0.1758,0.1830,0.1687,0.0000,0.0000,0.0000,1.0000,1.0000,1.0000
09:41:50.8067,0.1760,0.1831,0.1688,0.0000,0.0000,0.0000,1.0000,1.0000,1.0000
09:41:51.8040,0.1762,0.1834,0.1690,0.0000,0.0000,0.0000,1.0000,1.0000,1.0000
09:41:52.8057,0.1762,0.1834,0.1690,0.0000,0.0000,0.0000,1.0000,1.0000,1.0000
09:41:53.8057,0.1763,0.1835,0.1691,0.0000,0.0000,0.0000,1.0000,1.0000,1.0000
09:41:54.8057,0.1764,0.1836,0.1692,0.0000,0.0000,0.0000,1.0000,1.0000,1.0000
09:41:55.8088,0.1767,0.1839,0.1695,0.0000,0.0000,0.0000,1.0000,1.0000,1.0000
09:41:56.8088,0.1768,0.1840,0.1696,0.0000,0.0000,0.0000,1.0000,1.0000,1.0000
09:41:57.8122,0.1770,0.1842,0.1698,0.0000,0.0000,0.0000,1.0000,1.0000,1.0000
09:41:58.8125,0.1771,0.1843,0.1699,0.0000,0.0000,0.0000,1.0000,1.0000,1.0000
09:41:59.8159,0.1771,0.1843,0.1699,0.0000,0.0000,0.0000,1.0000,1.0000,1.0000
09:42:00.8169,0.1771,0.1843,0.1699,0.0000,0.0000,0.0000,1.0000,1.0000,1.0000
09:42:01.8163,0.1773,0.1845,0.1701,0.0000,0.0000,0.0000,1.0000,1.0000,1.0000
09:42:02.8173,0.1775,0.1847,0.1703,0.0000,0.0000,0.0000,1.0000,1.0000,1.0000
09:42:03.8199,0.1775,0.1847,0.1703,0.0000,0.0000,0.0000,1.0000,1.0000,1.0000
09:42:04.8198,0.1775,0.1847,0.1703,0.0000,0.0000,0.0000,1.0000,1.0000,1.0000
09:42:05.8221,0.1778,0.1850,0.1706,0.0000,0.0000,0.0000,1.0000,1.0000,1.0000
09:42:06.8220,0.1779,0.1851,0.1707,0.0000,0.0000,0.0000,1.0000,1.0000,1.0000
09:42:07.8221,0.1781,0.1853,0.1709,0.0000,0.0000,0.0000,1.0000,1.0000,1.0000
09:42:08.8220,0.1781,0.1854,0.1709,0.0000,0.0000,0.0000,1.0000,1.0000,1.0000
09:42:09.8222,0.1783,0.1855,0.1710,0.0000,0.0000,0.0000,1.0000,1.0000,1.0000
09:42:10.8228,0.1783,0.1855,0.1710,0.0000,0.0000,0.0000,1.0000,1.0000,1.0000
09:42:11.8230,0.1784,0.1857,0.1712,0.0000,0.0000,0.0000,1.0000,1.0000,1.0000
09:42:12.8230,0.1784,0.1857,0.1712,0.0000,0.0000,0.0000,1.0000,1.0000,1.0000
09:42:13.8231,0.1784,0.1857,0.1712,0.0000,0.0000,0.0000,1.0000,1.0000,1.0000
09:42:14.8264,0.1786,0.1858,0.1713,0.0000,0.0000,0.0000,1.0000,1.0000,1.0000
09:42:15.8278,0.1787,0.1859,0.1715,0.0000,0.0000,0.0000,1.0000,1.0000,1.0000
09:42:16.8307,0.1788,0.1860,0.1716,0.0000,0.0000,0.0000,1.0000,1.0000,1.0000
09:42:17.8308,0.1789,0.1861,0.1716,0.0000,0.0000,0.0000,1.0000,1.0000,1.0000
09:42:18.8307,0.1790,0.1862,0.1717,0.0000,0.0000,0.0000,1.0000,1.0000,1.0000
09:42:19.8308,0.1791,0.1863,0.1718,0.0000,0.0000,0.0000,1.0000,1.0000,1.0000
09:42:20.8312,0.1791,0.1863,0.1718,0.0000,0.0000,0.0000,1.0000,1.0000,1.0000
09:42:21.8323,0.1794,0.1866,0.1722,0.0000,0.0000,0.0000,1.0000,1.0000,1.0000
09:42:22.8313,0.1796,0.1868,0.1724,0.0000,0.0000,0.0000,1.0000,1.0000,1.0000
09:42:23.8313,0.1798,0.1870,0.1726,0.0000,0.0000,0.0000,1.0000,1.0000,1.0000
09:42:24.8313,0.1799,0.1871,0.1727,0.0000,0.0000,0.0000,1.0000,1.0000,1.0000
09:42:25.8336,0.1800,0.1872,0.1728,0.0000,0.0000,0.0000,1.0000,1.0000,1.0000
09:42:26.8334,0.1801,0.1873,0.1729,0.0000,0.0000,0.0000,1.0000,1.0000,1.0000
09:42:27.8340,0.1801,0.1874,0.1729,0.0000,0.0000,0.0000,1.0000,1.0000,1.0000
09:42:28.8359,0.1804,0.1876,0.1731,0.0000,0.0000,0.0000,1.0000,1.0000,1.0000
